ISO-10303-21;
HEADER;
/* Generated by software containing ST-Developer
 * from STEP Tools, Inc. (www.steptools.com) 
 */
/* OPTION: using custom renumber hook */

FILE_DESCRIPTION(
/* description */ ('STEP AP242 Edition 2',
'CAx-IF Rec.Pracs.---Representation and Presentation of Product Manufa
cturing Information (PMI)---4.0---2014-10-13',
'CAx-IF Rec.Pracs.---3D Tessellated Geometry---0.4---2014-09-14','2;1',
'CAx-IF Rec.Pracs.---User Defined Attributes---1.5---2016-08-15'),
/* implementation_level */ '2;1');

FILE_NAME(
/* name */ 'CAD Birdhouse',
/* time_stamp */ '2026-07-30T21:58:24Z',
/* author */ (''),
/* organization */ (''),
/* preprocessor_version */ 'ST-DEVELOPER v20',
/* originating_system */ 'ONSHAPE BY PTC INC, 1.218',
/* authorisation */ '  ');

FILE_SCHEMA (('AP242_MANAGED_MODEL_BASED_3D_ENGINEERING_MIM_LF { 1 0 10303 442 3 1 4 }'));
ENDSEC;

DATA;
#10=SHAPE_REPRESENTATION_RELATIONSHIP('','',#1002,#11);
#11=ADVANCED_BREP_SHAPE_REPRESENTATION('',(#1000),#2058);
#12=B_SPLINE_SURFACE_WITH_KNOTS('',3,3,((#1490,#1491,#1492,#1493,#1494,
#1495,#1496,#1497,#1498,#1499,#1500,#1501,#1502,#1503,#1504,#1505,#1506,
#1507,#1508,#1509,#1510),(#1511,#1512,#1513,#1514,#1515,#1516,#1517,#1518,
#1519,#1520,#1521,#1522,#1523,#1524,#1525,#1526,#1527,#1528,#1529,#1530,
#1531),(#1532,#1533,#1534,#1535,#1536,#1537,#1538,#1539,#1540,#1541,#1542,
#1543,#1544,#1545,#1546,#1547,#1548,#1549,#1550,#1551,#1552),(#1553,#1554,
#1555,#1556,#1557,#1558,#1559,#1560,#1561,#1562,#1563,#1564,#1565,#1566,
#1567,#1568,#1569,#1570,#1571,#1572,#1573),(#1574,#1575,#1576,#1577,#1578,
#1579,#1580,#1581,#1582,#1583,#1584,#1585,#1586,#1587,#1588,#1589,#1590,
#1591,#1592,#1593,#1594),(#1595,#1596,#1597,#1598,#1599,#1600,#1601,#1602,
#1603,#1604,#1605,#1606,#1607,#1608,#1609,#1610,#1611,#1612,#1613,#1614,
#1615),(#1616,#1617,#1618,#1619,#1620,#1621,#1622,#1623,#1624,#1625,#1626,
#1627,#1628,#1629,#1630,#1631,#1632,#1633,#1634,#1635,#1636),(#1637,#1638,
#1639,#1640,#1641,#1642,#1643,#1644,#1645,#1646,#1647,#1648,#1649,#1650,
#1651,#1652,#1653,#1654,#1655,#1656,#1657),(#1658,#1659,#1660,#1661,#1662,
#1663,#1664,#1665,#1666,#1667,#1668,#1669,#1670,#1671,#1672,#1673,#1674,
#1675,#1676,#1677,#1678),(#1679,#1680,#1681,#1682,#1683,#1684,#1685,#1686,
#1687,#1688,#1689,#1690,#1691,#1692,#1693,#1694,#1695,#1696,#1697,#1698,
#1699),(#1700,#1701,#1702,#1703,#1704,#1705,#1706,#1707,#1708,#1709,#1710,
#1711,#1712,#1713,#1714,#1715,#1716,#1717,#1718,#1719,#1720),(#1721,#1722,
#1723,#1724,#1725,#1726,#1727,#1728,#1729,#1730,#1731,#1732,#1733,#1734,
#1735,#1736,#1737,#1738,#1739,#1740,#1741),(#1742,#1743,#1744,#1745,#1746,
#1747,#1748,#1749,#1750,#1751,#1752,#1753,#1754,#1755,#1756,#1757,#1758,
#1759,#1760,#1761,#1762),(#1763,#1764,#1765,#1766,#1767,#1768,#1769,#1770,
#1771,#1772,#1773,#1774,#1775,#1776,#1777,#1778,#1779,#1780,#1781,#1782,
#1783),(#1784,#1785,#1786,#1787,#1788,#1789,#1790,#1791,#1792,#1793,#1794,
#1795,#1796,#1797,#1798,#1799,#1800,#1801,#1802,#1803,#1804),(#1805,#1806,
#1807,#1808,#1809,#1810,#1811,#1812,#1813,#1814,#1815,#1816,#1817,#1818,
#1819,#1820,#1821,#1822,#1823,#1824,#1825),(#1826,#1827,#1828,#1829,#1830,
#1831,#1832,#1833,#1834,#1835,#1836,#1837,#1838,#1839,#1840,#1841,#1842,
#1843,#1844,#1845,#1846),(#1847,#1848,#1849,#1850,#1851,#1852,#1853,#1854,
#1855,#1856,#1857,#1858,#1859,#1860,#1861,#1862,#1863,#1864,#1865,#1866,
#1867),(#1868,#1869,#1870,#1871,#1872,#1873,#1874,#1875,#1876,#1877,#1878,
#1879,#1880,#1881,#1882,#1883,#1884,#1885,#1886,#1887,#1888),(#1889,#1890,
#1891,#1892,#1893,#1894,#1895,#1896,#1897,#1898,#1899,#1900,#1901,#1902,
#1903,#1904,#1905,#1906,#1907,#1908,#1909),(#1910,#1911,#1912,#1913,#1914,
#1915,#1916,#1917,#1918,#1919,#1920,#1921,#1922,#1923,#1924,#1925,#1926,
#1927,#1928,#1929,#1930),(#1931,#1932,#1933,#1934,#1935,#1936,#1937,#1938,
#1939,#1940,#1941,#1942,#1943,#1944,#1945,#1946,#1947,#1948,#1949,#1950,
#1951),(#1952,#1953,#1954,#1955,#1956,#1957,#1958,#1959,#1960,#1961,#1962,
#1963,#1964,#1965,#1966,#1967,#1968,#1969,#1970,#1971,#1972),(#1973,#1974,
#1975,#1976,#1977,#1978,#1979,#1980,#1981,#1982,#1983,#1984,#1985,#1986,
#1987,#1988,#1989,#1990,#1991,#1992,#1993),(#1994,#1995,#1996,#1997,#1998,
#1999,#2000,#2001,#2002,#2003,#2004,#2005,#2006,#2007,#2008,#2009,#2010,
#2011,#2012,#2013,#2014),(#2015,#2016,#2017,#2018,#2019,#2020,#2021,#2022,
#2023,#2024,#2025,#2026,#2027,#2028,#2029,#2030,#2031,#2032,#2033,#2034,
#2035),(#2036,#2037,#2038,#2039,#2040,#2041,#2042,#2043,#2044,#2045,#2046,
#2047,#2048,#2049,#2050,#2051,#2052,#2053,#2054,#2055,#2056)),
 .UNSPECIFIED.,.T.,.F.,.F.,(1,1,1,1,1,1,1,1,1,1,1,1,1,1,1,1,1,1,1,1,1,1,
1,1,1,1,1,1,1,1,1),(4,1,1,1,1,1,1,1,1,1,1,1,1,1,1,1,1,1,4),(-0.0625,-0.03125,
-0.015625,0.,0.015625,0.03125,0.0625,0.125,0.1875,0.25,0.3125,0.375,0.4375,
0.46875,0.484375,0.5,0.515625,0.53125,0.5625,0.625,0.6875,0.75,0.8125,0.875,
0.9375,0.96875,0.984375,1.,1.015625,1.03125,1.0625),(3.99942395421409,4.28489412333478,
4.42762920789512,4.61794265397558,4.85583446157615,5.14130463069684,5.42677479981753,
5.71224496893821,5.9977151380589,6.28318530717959,6.56865547630028,6.85412564542096,
7.13959581454165,7.42506598366234,7.71053615278302,7.94842796038359,8.13874140646405,
8.2814764910244,8.56694666014508),.UNSPECIFIED.);
#13=(
BOUNDED_SURFACE()
B_SPLINE_SURFACE(3,3,((#1434,#1435,#1436,#1437),(#1438,#1439,#1440,#1441),
(#1442,#1443,#1444,#1445),(#1446,#1447,#1448,#1449),(#1450,#1451,#1452,
#1453),(#1454,#1455,#1456,#1457),(#1458,#1459,#1460,#1461),(#1462,#1463,
#1464,#1465),(#1466,#1467,#1468,#1469),(#1470,#1471,#1472,#1473),(#1474,
#1475,#1476,#1477),(#1478,#1479,#1480,#1481),(#1482,#1483,#1484,#1485)),
 .SURF_OF_REVOLUTION.,.F.,.F.,.F.)
B_SPLINE_SURFACE_WITH_KNOTS((4,1,1,1,1,1,1,1,1,1,4),(4,4),(0.305383183393075,
0.354037387544806,0.402691591696538,0.451345795848269,0.475672897924134,
0.5,0.524327102075865,0.548654204151731,0.597308408303462,0.645962612455193,
0.694616816606924),(0.,1.),.UNSPECIFIED.)
GEOMETRIC_REPRESENTATION_ITEM()
RATIONAL_B_SPLINE_SURFACE(((1.,0.999870832533959,0.999870832533959,1.),
(1.,0.999870832533959,0.999870832533959,1.),(1.,0.999870832533959,0.999870832533959,
1.),(1.,0.999870832533959,0.999870832533959,1.),(1.,0.999870832533959,0.999870832533959,
1.),(1.,0.999870832533959,0.999870832533959,1.),(1.,0.999870832533959,0.999870832533959,
1.),(1.,0.999870832533959,0.999870832533959,1.),(1.,0.999870832533959,0.999870832533959,
1.),(1.,0.999870832533959,0.999870832533959,1.),(1.,0.999870832533959,0.999870832533959,
1.),(1.,0.999870832533959,0.999870832533959,1.),(1.,0.999870832533959,0.999870832533959,
1.)))
REPRESENTATION_ITEM('')
SURFACE()
);
#14=SPHERICAL_SURFACE('',#1047,0.0254);
#15=CYLINDRICAL_SURFACE('',#1021,0.04445);
#16=CYLINDRICAL_SURFACE('',#1036,0.04699);
#17=CYLINDRICAL_SURFACE('',#1039,0.003175);
#18=CIRCLE('',#1010,0.00635);
#19=CIRCLE('',#1016,0.003175);
#20=CIRCLE('',#1017,0.04445);
#21=CIRCLE('',#1022,0.04445);
#22=CIRCLE('',#1032,0.04699);
#23=CIRCLE('',#1037,0.04699);
#24=CIRCLE('',#1040,0.003175);
#25=CIRCLE('',#1046,0.0254);
#26=CIRCLE('',#1048,0.00635);
#27=CIRCLE('',#1051,0.00635);
#28=B_SPLINE_CURVE_WITH_KNOTS('',3,(#1278,#1279,#1280,#1281,#1282,#1283,
#1284,#1285),.UNSPECIFIED.,.F.,.F.,(4,1,1,1,1,4),(4.38854183572088E-17,
0.00247672708630872,0.00495345417261739,0.00990690834523474,0.0148603625178521,
0.0198138166904694),.UNSPECIFIED.);
#29=B_SPLINE_CURVE_WITH_KNOTS('',3,(#1360,#1361,#1362,#1363,#1364,#1365,
#1366),.UNSPECIFIED.,.F.,.F.,(4,1,1,1,4),(1.38777878078145E-17,0.00354503283406079,
0.00709006566812156,0.0106350985021823,0.0141801313362431),
 .UNSPECIFIED.);
#30=ORIENTED_EDGE('',*,*,#214,.F.);
#31=ORIENTED_EDGE('',*,*,#215,.F.);
#32=ORIENTED_EDGE('',*,*,#216,.T.);
#33=ORIENTED_EDGE('',*,*,#217,.F.);
#34=ORIENTED_EDGE('',*,*,#218,.F.);
#35=ORIENTED_EDGE('',*,*,#219,.T.);
#36=ORIENTED_EDGE('',*,*,#220,.T.);
#37=ORIENTED_EDGE('',*,*,#221,.F.);
#38=ORIENTED_EDGE('',*,*,#222,.F.);
#39=ORIENTED_EDGE('',*,*,#223,.F.);
#40=ORIENTED_EDGE('',*,*,#224,.T.);
#41=ORIENTED_EDGE('',*,*,#225,.T.);
#42=ORIENTED_EDGE('',*,*,#223,.T.);
#43=ORIENTED_EDGE('',*,*,#226,.F.);
#44=ORIENTED_EDGE('',*,*,#227,.T.);
#45=ORIENTED_EDGE('',*,*,#228,.F.);
#46=ORIENTED_EDGE('',*,*,#229,.F.);
#47=ORIENTED_EDGE('',*,*,#230,.T.);
#48=ORIENTED_EDGE('',*,*,#231,.T.);
#49=ORIENTED_EDGE('',*,*,#232,.T.);
#50=ORIENTED_EDGE('',*,*,#229,.T.);
#51=ORIENTED_EDGE('',*,*,#233,.T.);
#52=ORIENTED_EDGE('',*,*,#234,.F.);
#53=ORIENTED_EDGE('',*,*,#235,.F.);
#54=ORIENTED_EDGE('',*,*,#236,.T.);
#55=ORIENTED_EDGE('',*,*,#237,.T.);
#56=ORIENTED_EDGE('',*,*,#234,.T.);
#57=ORIENTED_EDGE('',*,*,#238,.T.);
#58=ORIENTED_EDGE('',*,*,#239,.F.);
#59=ORIENTED_EDGE('',*,*,#240,.F.);
#60=ORIENTED_EDGE('',*,*,#241,.F.);
#61=ORIENTED_EDGE('',*,*,#239,.T.);
#62=ORIENTED_EDGE('',*,*,#242,.F.);
#63=ORIENTED_EDGE('',*,*,#243,.F.);
#64=ORIENTED_EDGE('',*,*,#244,.T.);
#65=ORIENTED_EDGE('',*,*,#243,.T.);
#66=ORIENTED_EDGE('',*,*,#245,.F.);
#67=ORIENTED_EDGE('',*,*,#246,.F.);
#68=ORIENTED_EDGE('',*,*,#247,.T.);
#69=ORIENTED_EDGE('',*,*,#246,.T.);
#70=ORIENTED_EDGE('',*,*,#248,.F.);
#71=ORIENTED_EDGE('',*,*,#227,.F.);
#72=ORIENTED_EDGE('',*,*,#249,.F.);
#73=ORIENTED_EDGE('',*,*,#250,.F.);
#74=ORIENTED_EDGE('',*,*,#251,.T.);
#75=ORIENTED_EDGE('',*,*,#231,.F.);
#76=ORIENTED_EDGE('',*,*,#252,.T.);
#77=ORIENTED_EDGE('',*,*,#253,.T.);
#78=ORIENTED_EDGE('',*,*,#254,.F.);
#79=ORIENTED_EDGE('',*,*,#255,.F.);
#80=ORIENTED_EDGE('',*,*,#250,.T.);
#81=ORIENTED_EDGE('',*,*,#256,.F.);
#82=ORIENTED_EDGE('',*,*,#225,.F.);
#83=ORIENTED_EDGE('',*,*,#257,.T.);
#84=ORIENTED_EDGE('',*,*,#254,.T.);
#85=ORIENTED_EDGE('',*,*,#258,.F.);
#86=ORIENTED_EDGE('',*,*,#259,.F.);
#87=ORIENTED_EDGE('',*,*,#232,.F.);
#88=ORIENTED_EDGE('',*,*,#251,.F.);
#89=ORIENTED_EDGE('',*,*,#255,.T.);
#90=ORIENTED_EDGE('',*,*,#257,.F.);
#91=ORIENTED_EDGE('',*,*,#224,.F.);
#92=ORIENTED_EDGE('',*,*,#249,.T.);
#93=ORIENTED_EDGE('',*,*,#226,.T.);
#94=ORIENTED_EDGE('',*,*,#222,.T.);
#95=ORIENTED_EDGE('',*,*,#256,.T.);
#96=ORIENTED_EDGE('',*,*,#253,.F.);
#97=ORIENTED_EDGE('',*,*,#228,.T.);
#98=ORIENTED_EDGE('',*,*,#248,.T.);
#99=ORIENTED_EDGE('',*,*,#245,.T.);
#100=ORIENTED_EDGE('',*,*,#242,.T.);
#101=ORIENTED_EDGE('',*,*,#238,.F.);
#102=ORIENTED_EDGE('',*,*,#233,.F.);
#103=ORIENTED_EDGE('',*,*,#230,.F.);
#104=ORIENTED_EDGE('',*,*,#235,.T.);
#105=ORIENTED_EDGE('',*,*,#240,.T.);
#106=ORIENTED_EDGE('',*,*,#244,.F.);
#107=ORIENTED_EDGE('',*,*,#247,.F.);
#108=ORIENTED_EDGE('',*,*,#252,.F.);
#109=ORIENTED_EDGE('',*,*,#260,.F.);
#110=ORIENTED_EDGE('',*,*,#259,.T.);
#111=ORIENTED_EDGE('',*,*,#219,.F.);
#112=ORIENTED_EDGE('',*,*,#261,.F.);
#113=ORIENTED_EDGE('',*,*,#262,.F.);
#114=ORIENTED_EDGE('',*,*,#263,.F.);
#115=ORIENTED_EDGE('',*,*,#264,.T.);
#116=ORIENTED_EDGE('',*,*,#265,.T.);
#117=ORIENTED_EDGE('',*,*,#266,.F.);
#118=ORIENTED_EDGE('',*,*,#267,.T.);
#119=ORIENTED_EDGE('',*,*,#264,.F.);
#120=ORIENTED_EDGE('',*,*,#268,.T.);
#121=ORIENTED_EDGE('',*,*,#269,.T.);
#122=ORIENTED_EDGE('',*,*,#270,.F.);
#123=ORIENTED_EDGE('',*,*,#271,.F.);
#124=ORIENTED_EDGE('',*,*,#272,.F.);
#125=ORIENTED_EDGE('',*,*,#269,.F.);
#126=ORIENTED_EDGE('',*,*,#273,.T.);
#127=ORIENTED_EDGE('',*,*,#274,.T.);
#128=ORIENTED_EDGE('',*,*,#275,.F.);
#129=ORIENTED_EDGE('',*,*,#274,.F.);
#130=ORIENTED_EDGE('',*,*,#276,.F.);
#131=ORIENTED_EDGE('',*,*,#277,.T.);
#132=ORIENTED_EDGE('',*,*,#278,.T.);
#133=ORIENTED_EDGE('',*,*,#277,.F.);
#134=ORIENTED_EDGE('',*,*,#279,.F.);
#135=ORIENTED_EDGE('',*,*,#280,.T.);
#136=ORIENTED_EDGE('',*,*,#281,.T.);
#137=ORIENTED_EDGE('',*,*,#280,.F.);
#138=ORIENTED_EDGE('',*,*,#282,.F.);
#139=ORIENTED_EDGE('',*,*,#262,.T.);
#140=ORIENTED_EDGE('',*,*,#283,.F.);
#141=ORIENTED_EDGE('',*,*,#284,.T.);
#142=ORIENTED_EDGE('',*,*,#285,.T.);
#143=ORIENTED_EDGE('',*,*,#266,.T.);
#144=ORIENTED_EDGE('',*,*,#286,.T.);
#145=ORIENTED_EDGE('',*,*,#287,.F.);
#146=ORIENTED_EDGE('',*,*,#284,.F.);
#147=ORIENTED_EDGE('',*,*,#288,.T.);
#148=ORIENTED_EDGE('',*,*,#289,.T.);
#149=ORIENTED_EDGE('',*,*,#217,.T.);
#150=ORIENTED_EDGE('',*,*,#290,.T.);
#151=ORIENTED_EDGE('',*,*,#291,.T.);
#152=ORIENTED_EDGE('',*,*,#292,.F.);
#153=ORIENTED_EDGE('',*,*,#221,.T.);
#154=ORIENTED_EDGE('',*,*,#293,.T.);
#155=ORIENTED_EDGE('',*,*,#289,.F.);
#156=ORIENTED_EDGE('',*,*,#294,.F.);
#157=ORIENTED_EDGE('',*,*,#295,.T.);
#158=ORIENTED_EDGE('',*,*,#261,.T.);
#159=ORIENTED_EDGE('',*,*,#218,.T.);
#160=ORIENTED_EDGE('',*,*,#294,.T.);
#161=ORIENTED_EDGE('',*,*,#288,.F.);
#162=ORIENTED_EDGE('',*,*,#283,.T.);
#163=ORIENTED_EDGE('',*,*,#285,.F.);
#164=ORIENTED_EDGE('',*,*,#287,.T.);
#165=ORIENTED_EDGE('',*,*,#293,.F.);
#166=ORIENTED_EDGE('',*,*,#220,.F.);
#167=ORIENTED_EDGE('',*,*,#267,.F.);
#168=ORIENTED_EDGE('',*,*,#265,.F.);
#169=ORIENTED_EDGE('',*,*,#270,.T.);
#170=ORIENTED_EDGE('',*,*,#275,.T.);
#171=ORIENTED_EDGE('',*,*,#278,.F.);
#172=ORIENTED_EDGE('',*,*,#281,.F.);
#173=ORIENTED_EDGE('',*,*,#286,.F.);
#174=ORIENTED_EDGE('',*,*,#263,.T.);
#175=ORIENTED_EDGE('',*,*,#282,.T.);
#176=ORIENTED_EDGE('',*,*,#279,.T.);
#177=ORIENTED_EDGE('',*,*,#276,.T.);
#178=ORIENTED_EDGE('',*,*,#273,.F.);
#179=ORIENTED_EDGE('',*,*,#268,.F.);
#180=ORIENTED_EDGE('',*,*,#296,.T.);
#181=ORIENTED_EDGE('',*,*,#295,.F.);
#182=ORIENTED_EDGE('',*,*,#260,.T.);
#183=ORIENTED_EDGE('',*,*,#296,.F.);
#184=ORIENTED_EDGE('',*,*,#297,.F.);
#185=ORIENTED_EDGE('',*,*,#258,.T.);
#186=ORIENTED_EDGE('',*,*,#297,.T.);
#187=ORIENTED_EDGE('',*,*,#290,.F.);
#188=ORIENTED_EDGE('',*,*,#216,.F.);
#189=ORIENTED_EDGE('',*,*,#298,.T.);
#190=ORIENTED_EDGE('',*,*,#299,.T.);
#191=ORIENTED_EDGE('',*,*,#292,.T.);
#192=ORIENTED_EDGE('',*,*,#300,.F.);
#193=ORIENTED_EDGE('',*,*,#301,.F.);
#194=ORIENTED_EDGE('',*,*,#214,.T.);
#195=ORIENTED_EDGE('',*,*,#291,.F.);
#196=ORIENTED_EDGE('',*,*,#299,.F.);
#197=ORIENTED_EDGE('',*,*,#302,.T.);
#198=ORIENTED_EDGE('',*,*,#300,.T.);
#199=ORIENTED_EDGE('',*,*,#303,.T.);
#200=ORIENTED_EDGE('',*,*,#298,.F.);
#201=ORIENTED_EDGE('',*,*,#215,.T.);
#202=ORIENTED_EDGE('',*,*,#301,.T.);
#203=ORIENTED_EDGE('',*,*,#302,.F.);
#204=ORIENTED_EDGE('',*,*,#303,.F.);
#205=ORIENTED_EDGE('',*,*,#304,.F.);
#206=ORIENTED_EDGE('',*,*,#272,.T.);
#207=ORIENTED_EDGE('',*,*,#304,.T.);
#208=ORIENTED_EDGE('',*,*,#271,.T.);
#209=ORIENTED_EDGE('',*,*,#237,.F.);
#210=ORIENTED_EDGE('',*,*,#305,.T.);
#211=ORIENTED_EDGE('',*,*,#241,.T.);
#212=ORIENTED_EDGE('',*,*,#236,.F.);
#213=ORIENTED_EDGE('',*,*,#305,.F.);
#214=EDGE_CURVE('',#306,#307,#370,.T.);
#215=EDGE_CURVE('',#308,#306,#371,.T.);
#216=EDGE_CURVE('',#308,#309,#372,.T.);
#217=EDGE_CURVE('',#310,#309,#373,.T.);
#218=EDGE_CURVE('',#311,#310,#374,.T.);
#219=EDGE_CURVE('',#311,#312,#375,.T.);
#220=EDGE_CURVE('',#312,#313,#376,.T.);
#221=EDGE_CURVE('',#307,#313,#377,.T.);
#222=EDGE_CURVE('',#314,#315,#378,.T.);
#223=EDGE_CURVE('',#316,#314,#379,.T.);
#224=EDGE_CURVE('',#316,#317,#380,.T.);
#225=EDGE_CURVE('',#317,#315,#381,.T.);
#226=EDGE_CURVE('',#318,#314,#382,.T.);
#227=EDGE_CURVE('',#318,#319,#383,.T.);
#228=EDGE_CURVE('',#320,#319,#384,.T.);
#229=EDGE_CURVE('',#321,#320,#385,.T.);
#230=EDGE_CURVE('',#321,#322,#386,.T.);
#231=EDGE_CURVE('',#322,#323,#387,.T.);
#232=EDGE_CURVE('',#323,#316,#388,.T.);
#233=EDGE_CURVE('',#320,#324,#389,.T.);
#234=EDGE_CURVE('',#325,#324,#390,.T.);
#235=EDGE_CURVE('',#321,#325,#391,.T.);
#236=EDGE_CURVE('',#326,#327,#28,.T.);
#237=EDGE_CURVE('',#327,#326,#392,.T.);
#238=EDGE_CURVE('',#324,#328,#393,.T.);
#239=EDGE_CURVE('',#329,#328,#394,.T.);
#240=EDGE_CURVE('',#325,#329,#395,.T.);
#241=EDGE_CURVE('',#330,#330,#18,.T.);
#242=EDGE_CURVE('',#331,#328,#396,.T.);
#243=EDGE_CURVE('',#332,#331,#397,.T.);
#244=EDGE_CURVE('',#332,#329,#398,.T.);
#245=EDGE_CURVE('',#333,#331,#399,.T.);
#246=EDGE_CURVE('',#334,#333,#400,.T.);
#247=EDGE_CURVE('',#334,#332,#401,.T.);
#248=EDGE_CURVE('',#319,#333,#402,.T.);
#249=EDGE_CURVE('',#335,#318,#403,.T.);
#250=EDGE_CURVE('',#336,#335,#404,.T.);
#251=EDGE_CURVE('',#336,#323,#405,.T.);
#252=EDGE_CURVE('',#322,#334,#406,.T.);
#253=EDGE_CURVE('',#335,#337,#407,.T.);
#254=EDGE_CURVE('',#338,#337,#408,.T.);
#255=EDGE_CURVE('',#336,#338,#409,.T.);
#256=EDGE_CURVE('',#315,#337,#410,.T.);
#257=EDGE_CURVE('',#317,#338,#411,.T.);
#258=EDGE_CURVE('',#339,#339,#19,.T.);
#259=EDGE_CURVE('',#340,#340,#20,.T.);
#260=EDGE_CURVE('',#341,#341,#21,.T.);
#261=EDGE_CURVE('',#342,#311,#412,.T.);
#262=EDGE_CURVE('',#343,#342,#413,.T.);
#263=EDGE_CURVE('',#344,#343,#414,.T.);
#264=EDGE_CURVE('',#344,#345,#415,.T.);
#265=EDGE_CURVE('',#345,#346,#416,.T.);
#266=EDGE_CURVE('',#347,#346,#417,.T.);
#267=EDGE_CURVE('',#347,#312,#418,.T.);
#268=EDGE_CURVE('',#344,#348,#419,.T.);
#269=EDGE_CURVE('',#348,#349,#420,.T.);
#270=EDGE_CURVE('',#345,#349,#421,.T.);
#271=EDGE_CURVE('',#350,#351,#422,.T.);
#272=EDGE_CURVE('',#351,#350,#29,.T.);
#273=EDGE_CURVE('',#348,#352,#423,.T.);
#274=EDGE_CURVE('',#352,#353,#424,.T.);
#275=EDGE_CURVE('',#349,#353,#425,.T.);
#276=EDGE_CURVE('',#354,#352,#426,.T.);
#277=EDGE_CURVE('',#354,#355,#427,.T.);
#278=EDGE_CURVE('',#355,#353,#428,.T.);
#279=EDGE_CURVE('',#356,#354,#429,.T.);
#280=EDGE_CURVE('',#356,#357,#430,.T.);
#281=EDGE_CURVE('',#357,#355,#431,.T.);
#282=EDGE_CURVE('',#343,#356,#432,.T.);
#283=EDGE_CURVE('',#358,#342,#433,.T.);
#284=EDGE_CURVE('',#358,#359,#434,.T.);
#285=EDGE_CURVE('',#359,#347,#435,.T.);
#286=EDGE_CURVE('',#346,#357,#436,.T.);
#287=EDGE_CURVE('',#359,#360,#437,.T.);
#288=EDGE_CURVE('',#358,#361,#438,.T.);
#289=EDGE_CURVE('',#361,#360,#439,.T.);
#290=EDGE_CURVE('',#309,#362,#440,.T.);
#291=EDGE_CURVE('',#362,#363,#441,.T.);
#292=EDGE_CURVE('',#307,#363,#442,.T.);
#293=EDGE_CURVE('',#313,#360,#443,.T.);
#294=EDGE_CURVE('',#310,#361,#444,.T.);
#295=EDGE_CURVE('',#364,#364,#22,.T.);
#296=EDGE_CURVE('',#365,#365,#23,.T.);
#297=EDGE_CURVE('',#366,#366,#24,.T.);
#298=EDGE_CURVE('',#308,#367,#445,.T.);
#299=EDGE_CURVE('',#367,#362,#446,.T.);
#300=EDGE_CURVE('',#368,#363,#447,.T.);
#301=EDGE_CURVE('',#306,#368,#448,.T.);
#302=EDGE_CURVE('',#367,#368,#449,.T.);
#303=EDGE_CURVE('',#369,#369,#25,.F.);
#304=EDGE_CURVE('',#351,#350,#26,.T.);
#305=EDGE_CURVE('',#327,#326,#27,.T.);
#306=VERTEX_POINT('',#1233);
#307=VERTEX_POINT('',#1234);
#308=VERTEX_POINT('',#1236);
#309=VERTEX_POINT('',#1238);
#310=VERTEX_POINT('',#1240);
#311=VERTEX_POINT('',#1242);
#312=VERTEX_POINT('',#1244);
#313=VERTEX_POINT('',#1246);
#314=VERTEX_POINT('',#1250);
#315=VERTEX_POINT('',#1251);
#316=VERTEX_POINT('',#1253);
#317=VERTEX_POINT('',#1255);
#318=VERTEX_POINT('',#1259);
#319=VERTEX_POINT('',#1261);
#320=VERTEX_POINT('',#1263);
#321=VERTEX_POINT('',#1265);
#322=VERTEX_POINT('',#1267);
#323=VERTEX_POINT('',#1269);
#324=VERTEX_POINT('',#1273);
#325=VERTEX_POINT('',#1275);
#326=VERTEX_POINT('',#1286);
#327=VERTEX_POINT('',#1287);
#328=VERTEX_POINT('',#1290);
#329=VERTEX_POINT('',#1292);
#330=VERTEX_POINT('',#1296);
#331=VERTEX_POINT('',#1298);
#332=VERTEX_POINT('',#1300);
#333=VERTEX_POINT('',#1304);
#334=VERTEX_POINT('',#1306);
#335=VERTEX_POINT('',#1311);
#336=VERTEX_POINT('',#1313);
#337=VERTEX_POINT('',#1318);
#338=VERTEX_POINT('',#1320);
#339=VERTEX_POINT('',#1327);
#340=VERTEX_POINT('',#1329);
#341=VERTEX_POINT('',#1335);
#342=VERTEX_POINT('',#1338);
#343=VERTEX_POINT('',#1340);
#344=VERTEX_POINT('',#1342);
#345=VERTEX_POINT('',#1344);
#346=VERTEX_POINT('',#1346);
#347=VERTEX_POINT('',#1348);
#348=VERTEX_POINT('',#1352);
#349=VERTEX_POINT('',#1354);
#350=VERTEX_POINT('',#1358);
#351=VERTEX_POINT('',#1359);
#352=VERTEX_POINT('',#1368);
#353=VERTEX_POINT('',#1370);
#354=VERTEX_POINT('',#1374);
#355=VERTEX_POINT('',#1376);
#356=VERTEX_POINT('',#1380);
#357=VERTEX_POINT('',#1382);
#358=VERTEX_POINT('',#1387);
#359=VERTEX_POINT('',#1389);
#360=VERTEX_POINT('',#1394);
#361=VERTEX_POINT('',#1396);
#362=VERTEX_POINT('',#1400);
#363=VERTEX_POINT('',#1402);
#364=VERTEX_POINT('',#1408);
#365=VERTEX_POINT('',#1414);
#366=VERTEX_POINT('',#1418);
#367=VERTEX_POINT('',#1422);
#368=VERTEX_POINT('',#1426);
#369=VERTEX_POINT('',#1432);
#370=LINE('',#1232,#450);
#371=LINE('',#1235,#451);
#372=LINE('',#1237,#452);
#373=LINE('',#1239,#453);
#374=LINE('',#1241,#454);
#375=LINE('',#1243,#455);
#376=LINE('',#1245,#456);
#377=LINE('',#1247,#457);
#378=LINE('',#1249,#458);
#379=LINE('',#1252,#459);
#380=LINE('',#1254,#460);
#381=LINE('',#1256,#461);
#382=LINE('',#1258,#462);
#383=LINE('',#1260,#463);
#384=LINE('',#1262,#464);
#385=LINE('',#1264,#465);
#386=LINE('',#1266,#466);
#387=LINE('',#1268,#467);
#388=LINE('',#1270,#468);
#389=LINE('',#1272,#469);
#390=LINE('',#1274,#470);
#391=LINE('',#1276,#471);
#392=LINE('',#1288,#472);
#393=LINE('',#1289,#473);
#394=LINE('',#1291,#474);
#395=LINE('',#1293,#475);
#396=LINE('',#1297,#476);
#397=LINE('',#1299,#477);
#398=LINE('',#1301,#478);
#399=LINE('',#1303,#479);
#400=LINE('',#1305,#480);
#401=LINE('',#1307,#481);
#402=LINE('',#1309,#482);
#403=LINE('',#1310,#483);
#404=LINE('',#1312,#484);
#405=LINE('',#1314,#485);
#406=LINE('',#1315,#486);
#407=LINE('',#1317,#487);
#408=LINE('',#1319,#488);
#409=LINE('',#1321,#489);
#410=LINE('',#1323,#490);
#411=LINE('',#1324,#491);
#412=LINE('',#1337,#492);
#413=LINE('',#1339,#493);
#414=LINE('',#1341,#494);
#415=LINE('',#1343,#495);
#416=LINE('',#1345,#496);
#417=LINE('',#1347,#497);
#418=LINE('',#1349,#498);
#419=LINE('',#1351,#499);
#420=LINE('',#1353,#500);
#421=LINE('',#1355,#501);
#422=LINE('',#1357,#502);
#423=LINE('',#1367,#503);
#424=LINE('',#1369,#504);
#425=LINE('',#1371,#505);
#426=LINE('',#1373,#506);
#427=LINE('',#1375,#507);
#428=LINE('',#1377,#508);
#429=LINE('',#1379,#509);
#430=LINE('',#1381,#510);
#431=LINE('',#1383,#511);
#432=LINE('',#1385,#512);
#433=LINE('',#1386,#513);
#434=LINE('',#1388,#514);
#435=LINE('',#1390,#515);
#436=LINE('',#1391,#516);
#437=LINE('',#1393,#517);
#438=LINE('',#1395,#518);
#439=LINE('',#1397,#519);
#440=LINE('',#1399,#520);
#441=LINE('',#1401,#521);
#442=LINE('',#1403,#522);
#443=LINE('',#1404,#523);
#444=LINE('',#1405,#524);
#445=LINE('',#1421,#525);
#446=LINE('',#1423,#526);
#447=LINE('',#1425,#527);
#448=LINE('',#1427,#528);
#449=LINE('',#1429,#529);
#450=VECTOR('',#1056,1.);
#451=VECTOR('',#1057,1.);
#452=VECTOR('',#1058,1.);
#453=VECTOR('',#1059,1.);
#454=VECTOR('',#1060,1.);
#455=VECTOR('',#1061,1.);
#456=VECTOR('',#1062,1.);
#457=VECTOR('',#1063,1.);
#458=VECTOR('',#1066,1.);
#459=VECTOR('',#1067,1.);
#460=VECTOR('',#1068,1.);
#461=VECTOR('',#1069,1.);
#462=VECTOR('',#1072,1.);
#463=VECTOR('',#1073,1.);
#464=VECTOR('',#1074,1.);
#465=VECTOR('',#1075,1.);
#466=VECTOR('',#1076,1.);
#467=VECTOR('',#1077,1.);
#468=VECTOR('',#1078,1.);
#469=VECTOR('',#1081,1.);
#470=VECTOR('',#1082,1.);
#471=VECTOR('',#1083,1.);
#472=VECTOR('',#1086,1.);
#473=VECTOR('',#1087,1.);
#474=VECTOR('',#1088,1.);
#475=VECTOR('',#1089,1.);
#476=VECTOR('',#1094,1.);
#477=VECTOR('',#1095,1.);
#478=VECTOR('',#1096,1.);
#479=VECTOR('',#1099,1.);
#480=VECTOR('',#1100,1.);
#481=VECTOR('',#1101,1.);
#482=VECTOR('',#1104,1.);
#483=VECTOR('',#1105,1.);
#484=VECTOR('',#1106,1.);
#485=VECTOR('',#1107,1.);
#486=VECTOR('',#1108,1.);
#487=VECTOR('',#1111,1.);
#488=VECTOR('',#1112,1.);
#489=VECTOR('',#1113,1.);
#490=VECTOR('',#1116,1.);
#491=VECTOR('',#1117,1.);
#492=VECTOR('',#1136,1.);
#493=VECTOR('',#1137,1.);
#494=VECTOR('',#1138,1.);
#495=VECTOR('',#1139,1.);
#496=VECTOR('',#1140,1.);
#497=VECTOR('',#1141,1.);
#498=VECTOR('',#1142,1.);
#499=VECTOR('',#1145,1.);
#500=VECTOR('',#1146,1.);
#501=VECTOR('',#1147,1.);
#502=VECTOR('',#1150,1.);
#503=VECTOR('',#1151,1.);
#504=VECTOR('',#1152,1.);
#505=VECTOR('',#1153,1.);
#506=VECTOR('',#1156,1.);
#507=VECTOR('',#1157,1.);
#508=VECTOR('',#1158,1.);
#509=VECTOR('',#1161,1.);
#510=VECTOR('',#1162,1.);
#511=VECTOR('',#1163,1.);
#512=VECTOR('',#1166,1.);
#513=VECTOR('',#1167,1.);
#514=VECTOR('',#1168,1.);
#515=VECTOR('',#1169,1.);
#516=VECTOR('',#1170,1.);
#517=VECTOR('',#1173,1.);
#518=VECTOR('',#1174,1.);
#519=VECTOR('',#1175,1.);
#520=VECTOR('',#1178,1.);
#521=VECTOR('',#1179,1.);
#522=VECTOR('',#1180,1.);
#523=VECTOR('',#1181,1.);
#524=VECTOR('',#1182,1.);
#525=VECTOR('',#1207,1.);
#526=VECTOR('',#1208,1.);
#527=VECTOR('',#1211,1.);
#528=VECTOR('',#1212,1.);
#529=VECTOR('',#1215,1.);
#530=EDGE_LOOP('',(#30,#31,#32,#33,#34,#35,#36,#37));
#531=EDGE_LOOP('',(#38,#39,#40,#41));
#532=EDGE_LOOP('',(#42,#43,#44,#45,#46,#47,#48,#49));
#533=EDGE_LOOP('',(#50,#51,#52,#53));
#534=EDGE_LOOP('',(#54,#55));
#535=EDGE_LOOP('',(#56,#57,#58,#59));
#536=EDGE_LOOP('',(#60));
#537=EDGE_LOOP('',(#61,#62,#63,#64));
#538=EDGE_LOOP('',(#65,#66,#67,#68));
#539=EDGE_LOOP('',(#69,#70,#71,#72,#73,#74,#75,#76));
#540=EDGE_LOOP('',(#77,#78,#79,#80));
#541=EDGE_LOOP('',(#81,#82,#83,#84));
#542=EDGE_LOOP('',(#85));
#543=EDGE_LOOP('',(#86));
#544=EDGE_LOOP('',(#87,#88,#89,#90,#91));
#545=EDGE_LOOP('',(#92,#93,#94,#95,#96));
#546=EDGE_LOOP('',(#97,#98,#99,#100,#101,#102));
#547=EDGE_LOOP('',(#103,#104,#105,#106,#107,#108));
#548=EDGE_LOOP('',(#109));
#549=EDGE_LOOP('',(#110));
#550=EDGE_LOOP('',(#111,#112,#113,#114,#115,#116,#117,#118));
#551=EDGE_LOOP('',(#119,#120,#121,#122));
#552=EDGE_LOOP('',(#123,#124));
#553=EDGE_LOOP('',(#125,#126,#127,#128));
#554=EDGE_LOOP('',(#129,#130,#131,#132));
#555=EDGE_LOOP('',(#133,#134,#135,#136));
#556=EDGE_LOOP('',(#137,#138,#139,#140,#141,#142,#143,#144));
#557=EDGE_LOOP('',(#145,#146,#147,#148));
#558=EDGE_LOOP('',(#149,#150,#151,#152,#153,#154,#155,#156));
#559=EDGE_LOOP('',(#157));
#560=EDGE_LOOP('',(#158,#159,#160,#161,#162));
#561=EDGE_LOOP('',(#163,#164,#165,#166,#167));
#562=EDGE_LOOP('',(#168,#169,#170,#171,#172,#173));
#563=EDGE_LOOP('',(#174,#175,#176,#177,#178,#179));
#564=EDGE_LOOP('',(#180));
#565=EDGE_LOOP('',(#181));
#566=EDGE_LOOP('',(#182));
#567=EDGE_LOOP('',(#183));
#568=EDGE_LOOP('',(#184));
#569=EDGE_LOOP('',(#185));
#570=EDGE_LOOP('',(#186));
#571=EDGE_LOOP('',(#187,#188,#189,#190));
#572=EDGE_LOOP('',(#191,#192,#193,#194));
#573=EDGE_LOOP('',(#195,#196,#197,#198));
#574=EDGE_LOOP('',(#199));
#575=EDGE_LOOP('',(#200,#201,#202,#203));
#576=EDGE_LOOP('',(#204));
#577=EDGE_LOOP('',(#205,#206));
#578=EDGE_LOOP('',(#207,#208));
#579=EDGE_LOOP('',(#209,#210));
#580=EDGE_LOOP('',(#211));
#581=EDGE_LOOP('',(#212,#213));
#582=FACE_BOUND('',#530,.T.);
#583=FACE_BOUND('',#531,.T.);
#584=FACE_BOUND('',#532,.T.);
#585=FACE_BOUND('',#533,.T.);
#586=FACE_BOUND('',#534,.T.);
#587=FACE_BOUND('',#535,.T.);
#588=FACE_BOUND('',#536,.T.);
#589=FACE_BOUND('',#537,.T.);
#590=FACE_BOUND('',#538,.T.);
#591=FACE_BOUND('',#539,.T.);
#592=FACE_BOUND('',#540,.T.);
#593=FACE_BOUND('',#541,.T.);
#594=FACE_BOUND('',#542,.T.);
#595=FACE_BOUND('',#543,.T.);
#596=FACE_BOUND('',#544,.T.);
#597=FACE_BOUND('',#545,.T.);
#598=FACE_BOUND('',#546,.T.);
#599=FACE_BOUND('',#547,.T.);
#600=FACE_BOUND('',#548,.T.);
#601=FACE_BOUND('',#549,.T.);
#602=FACE_BOUND('',#550,.T.);
#603=FACE_BOUND('',#551,.T.);
#604=FACE_BOUND('',#552,.T.);
#605=FACE_BOUND('',#553,.T.);
#606=FACE_BOUND('',#554,.T.);
#607=FACE_BOUND('',#555,.T.);
#608=FACE_BOUND('',#556,.T.);
#609=FACE_BOUND('',#557,.T.);
#610=FACE_BOUND('',#558,.T.);
#611=FACE_BOUND('',#559,.T.);
#612=FACE_BOUND('',#560,.T.);
#613=FACE_BOUND('',#561,.T.);
#614=FACE_BOUND('',#562,.T.);
#615=FACE_BOUND('',#563,.T.);
#616=FACE_BOUND('',#564,.T.);
#617=FACE_BOUND('',#565,.T.);
#618=FACE_BOUND('',#566,.T.);
#619=FACE_BOUND('',#567,.T.);
#620=FACE_BOUND('',#568,.T.);
#621=FACE_BOUND('',#569,.T.);
#622=FACE_BOUND('',#570,.T.);
#623=FACE_BOUND('',#571,.T.);
#624=FACE_BOUND('',#572,.T.);
#625=FACE_BOUND('',#573,.T.);
#626=FACE_BOUND('',#574,.T.);
#627=FACE_BOUND('',#575,.T.);
#628=FACE_BOUND('',#576,.T.);
#629=FACE_BOUND('',#577,.T.);
#630=FACE_BOUND('',#578,.T.);
#631=FACE_BOUND('',#579,.T.);
#632=FACE_BOUND('',#580,.T.);
#633=FACE_BOUND('',#581,.T.);
#634=PLANE('',#1004);
#635=PLANE('',#1005);
#636=PLANE('',#1006);
#637=PLANE('',#1007);
#638=PLANE('',#1008);
#639=PLANE('',#1009);
#640=PLANE('',#1011);
#641=PLANE('',#1012);
#642=PLANE('',#1013);
#643=PLANE('',#1014);
#644=PLANE('',#1015);
#645=PLANE('',#1018);
#646=PLANE('',#1019);
#647=PLANE('',#1020);
#648=PLANE('',#1023);
#649=PLANE('',#1024);
#650=PLANE('',#1025);
#651=PLANE('',#1026);
#652=PLANE('',#1027);
#653=PLANE('',#1028);
#654=PLANE('',#1029);
#655=PLANE('',#1030);
#656=PLANE('',#1031);
#657=PLANE('',#1033);
#658=PLANE('',#1034);
#659=PLANE('',#1035);
#660=PLANE('',#1038);
#661=PLANE('',#1041);
#662=PLANE('',#1042);
#663=PLANE('',#1043);
#664=PLANE('',#1044);
#665=PLANE('',#1045);
#666=PLANE('',#1049);
#667=PLANE('',#1050);
#668=OVER_RIDING_STYLED_ITEM('',(#751),#708,#749);
#669=OVER_RIDING_STYLED_ITEM('',(#752),#709,#749);
#670=OVER_RIDING_STYLED_ITEM('',(#753),#710,#749);
#671=OVER_RIDING_STYLED_ITEM('',(#754),#711,#749);
#672=OVER_RIDING_STYLED_ITEM('',(#755),#712,#749);
#673=OVER_RIDING_STYLED_ITEM('',(#756),#713,#749);
#674=OVER_RIDING_STYLED_ITEM('',(#757),#714,#749);
#675=OVER_RIDING_STYLED_ITEM('',(#758),#715,#749);
#676=OVER_RIDING_STYLED_ITEM('',(#759),#716,#749);
#677=OVER_RIDING_STYLED_ITEM('',(#760),#717,#749);
#678=OVER_RIDING_STYLED_ITEM('',(#761),#718,#749);
#679=OVER_RIDING_STYLED_ITEM('',(#762),#719,#749);
#680=OVER_RIDING_STYLED_ITEM('',(#763),#720,#749);
#681=OVER_RIDING_STYLED_ITEM('',(#764),#721,#749);
#682=OVER_RIDING_STYLED_ITEM('',(#765),#722,#749);
#683=OVER_RIDING_STYLED_ITEM('',(#766),#723,#749);
#684=OVER_RIDING_STYLED_ITEM('',(#767),#724,#749);
#685=OVER_RIDING_STYLED_ITEM('',(#768),#725,#749);
#686=OVER_RIDING_STYLED_ITEM('',(#769),#726,#749);
#687=OVER_RIDING_STYLED_ITEM('',(#770),#727,#749);
#688=OVER_RIDING_STYLED_ITEM('',(#771),#728,#749);
#689=OVER_RIDING_STYLED_ITEM('',(#772),#729,#749);
#690=OVER_RIDING_STYLED_ITEM('',(#773),#730,#749);
#691=OVER_RIDING_STYLED_ITEM('',(#774),#731,#749);
#692=OVER_RIDING_STYLED_ITEM('',(#775),#732,#749);
#693=OVER_RIDING_STYLED_ITEM('',(#776),#733,#749);
#694=OVER_RIDING_STYLED_ITEM('',(#777),#734,#749);
#695=OVER_RIDING_STYLED_ITEM('',(#778),#735,#749);
#696=OVER_RIDING_STYLED_ITEM('',(#779),#736,#749);
#697=OVER_RIDING_STYLED_ITEM('',(#780),#737,#749);
#698=OVER_RIDING_STYLED_ITEM('',(#781),#738,#749);
#699=OVER_RIDING_STYLED_ITEM('',(#782),#739,#749);
#700=OVER_RIDING_STYLED_ITEM('',(#783),#740,#749);
#701=OVER_RIDING_STYLED_ITEM('',(#784),#741,#749);
#702=OVER_RIDING_STYLED_ITEM('',(#785),#742,#749);
#703=OVER_RIDING_STYLED_ITEM('',(#786),#743,#749);
#704=OVER_RIDING_STYLED_ITEM('',(#787),#744,#749);
#705=OVER_RIDING_STYLED_ITEM('',(#788),#745,#749);
#706=OVER_RIDING_STYLED_ITEM('',(#789),#746,#749);
#707=OVER_RIDING_STYLED_ITEM('',(#790),#747,#749);
#708=ADVANCED_FACE('Face appearance 3',(#582),#634,.F.);
#709=ADVANCED_FACE('Face appearance 3',(#583),#635,.T.);
#710=ADVANCED_FACE('Face appearance 2',(#584),#636,.F.);
#711=ADVANCED_FACE('Face appearance 2',(#585),#637,.F.);
#712=ADVANCED_FACE('Face appearance 2',(#586,#587),#638,.F.);
#713=ADVANCED_FACE('Face appearance 2',(#588,#589),#639,.T.);
#714=ADVANCED_FACE('Face appearance 2',(#590),#640,.T.);
#715=ADVANCED_FACE('Face appearance 2',(#591),#641,.T.);
#716=ADVANCED_FACE('Face appearance 3',(#592),#642,.F.);
#717=ADVANCED_FACE('Face appearance 3',(#593),#643,.T.);
#718=ADVANCED_FACE('Face appearance 3',(#594,#595,#596),#644,.T.);
#719=ADVANCED_FACE('Face appearance 3',(#597),#645,.F.);
#720=ADVANCED_FACE('Face appearance 2',(#598),#646,.F.);
#721=ADVANCED_FACE('Face appearance 2',(#599),#647,.T.);
#722=ADVANCED_FACE('Face appearance 3',(#600,#601),#15,.F.);
#723=ADVANCED_FACE('Face appearance 3',(#602),#648,.T.);
#724=ADVANCED_FACE('Face appearance 3',(#603),#649,.T.);
#725=ADVANCED_FACE('Face appearance 3',(#604,#605),#650,.T.);
#726=ADVANCED_FACE('Face appearance 3',(#606),#651,.F.);
#727=ADVANCED_FACE('Face appearance 3',(#607),#652,.F.);
#728=ADVANCED_FACE('Face appearance 3',(#608),#653,.F.);
#729=ADVANCED_FACE('Face appearance 3',(#609),#654,.T.);
#730=ADVANCED_FACE('Face appearance 3',(#610),#655,.F.);
#731=ADVANCED_FACE('Face appearance 3',(#611,#612),#656,.F.);
#732=ADVANCED_FACE('Face appearance 3',(#613),#657,.T.);
#733=ADVANCED_FACE('Face appearance 3',(#614),#658,.T.);
#734=ADVANCED_FACE('Face appearance 3',(#615),#659,.F.);
#735=ADVANCED_FACE('Face appearance 3',(#616,#617),#16,.T.);
#736=ADVANCED_FACE('Face appearance 3',(#618,#619),#660,.F.);
#737=ADVANCED_FACE('Face appearance 3',(#620,#621),#17,.T.);
#738=ADVANCED_FACE('Face appearance 3',(#622),#661,.T.);
#739=ADVANCED_FACE('Face appearance 3',(#623),#662,.T.);
#740=ADVANCED_FACE('Face appearance 3',(#624),#663,.F.);
#741=ADVANCED_FACE('Face appearance 3',(#625),#664,.T.);
#742=ADVANCED_FACE('Face appearance 3',(#626,#627),#665,.T.);
#743=ADVANCED_FACE('Face appearance 3',(#628),#14,.F.);
#744=ADVANCED_FACE('Face appearance 1',(#629),#13,.T.);
#745=ADVANCED_FACE('Face appearance 3',(#630),#666,.T.);
#746=ADVANCED_FACE('Face appearance 3',(#631),#667,.T.);
#747=ADVANCED_FACE('Face appearance 1',(#632,#633),#12,.T.);
#748=CLOSED_SHELL('',(#708,#709,#710,#711,#712,#713,#714,#715,#716,#717,
#718,#719,#720,#721,#722,#723,#724,#725,#726,#727,#728,#729,#730,#731,#732,
#733,#734,#735,#736,#737,#738,#739,#740,#741,#742,#743,#744,#745,#746,#747));
#749=STYLED_ITEM('',(#750),#1000);
#750=PRESENTATION_STYLE_ASSIGNMENT((#791));
#751=PRESENTATION_STYLE_ASSIGNMENT((#792));
#752=PRESENTATION_STYLE_ASSIGNMENT((#793));
#753=PRESENTATION_STYLE_ASSIGNMENT((#794));
#754=PRESENTATION_STYLE_ASSIGNMENT((#795));
#755=PRESENTATION_STYLE_ASSIGNMENT((#796));
#756=PRESENTATION_STYLE_ASSIGNMENT((#797));
#757=PRESENTATION_STYLE_ASSIGNMENT((#798));
#758=PRESENTATION_STYLE_ASSIGNMENT((#799));
#759=PRESENTATION_STYLE_ASSIGNMENT((#800));
#760=PRESENTATION_STYLE_ASSIGNMENT((#801));
#761=PRESENTATION_STYLE_ASSIGNMENT((#802));
#762=PRESENTATION_STYLE_ASSIGNMENT((#803));
#763=PRESENTATION_STYLE_ASSIGNMENT((#804));
#764=PRESENTATION_STYLE_ASSIGNMENT((#805));
#765=PRESENTATION_STYLE_ASSIGNMENT((#806));
#766=PRESENTATION_STYLE_ASSIGNMENT((#807));
#767=PRESENTATION_STYLE_ASSIGNMENT((#808));
#768=PRESENTATION_STYLE_ASSIGNMENT((#809));
#769=PRESENTATION_STYLE_ASSIGNMENT((#810));
#770=PRESENTATION_STYLE_ASSIGNMENT((#811));
#771=PRESENTATION_STYLE_ASSIGNMENT((#812));
#772=PRESENTATION_STYLE_ASSIGNMENT((#813));
#773=PRESENTATION_STYLE_ASSIGNMENT((#814));
#774=PRESENTATION_STYLE_ASSIGNMENT((#815));
#775=PRESENTATION_STYLE_ASSIGNMENT((#816));
#776=PRESENTATION_STYLE_ASSIGNMENT((#817));
#777=PRESENTATION_STYLE_ASSIGNMENT((#818));
#778=PRESENTATION_STYLE_ASSIGNMENT((#819));
#779=PRESENTATION_STYLE_ASSIGNMENT((#820));
#780=PRESENTATION_STYLE_ASSIGNMENT((#821));
#781=PRESENTATION_STYLE_ASSIGNMENT((#822));
#782=PRESENTATION_STYLE_ASSIGNMENT((#823));
#783=PRESENTATION_STYLE_ASSIGNMENT((#824));
#784=PRESENTATION_STYLE_ASSIGNMENT((#825));
#785=PRESENTATION_STYLE_ASSIGNMENT((#826));
#786=PRESENTATION_STYLE_ASSIGNMENT((#827));
#787=PRESENTATION_STYLE_ASSIGNMENT((#828));
#788=PRESENTATION_STYLE_ASSIGNMENT((#829));
#789=PRESENTATION_STYLE_ASSIGNMENT((#830));
#790=PRESENTATION_STYLE_ASSIGNMENT((#831));
#791=SURFACE_STYLE_USAGE(.BOTH.,#832);
#792=SURFACE_STYLE_USAGE(.BOTH.,#833);
#793=SURFACE_STYLE_USAGE(.BOTH.,#834);
#794=SURFACE_STYLE_USAGE(.BOTH.,#835);
#795=SURFACE_STYLE_USAGE(.BOTH.,#836);
#796=SURFACE_STYLE_USAGE(.BOTH.,#837);
#797=SURFACE_STYLE_USAGE(.BOTH.,#838);
#798=SURFACE_STYLE_USAGE(.BOTH.,#839);
#799=SURFACE_STYLE_USAGE(.BOTH.,#840);
#800=SURFACE_STYLE_USAGE(.BOTH.,#841);
#801=SURFACE_STYLE_USAGE(.BOTH.,#842);
#802=SURFACE_STYLE_USAGE(.BOTH.,#843);
#803=SURFACE_STYLE_USAGE(.BOTH.,#844);
#804=SURFACE_STYLE_USAGE(.BOTH.,#845);
#805=SURFACE_STYLE_USAGE(.BOTH.,#846);
#806=SURFACE_STYLE_USAGE(.BOTH.,#847);
#807=SURFACE_STYLE_USAGE(.BOTH.,#848);
#808=SURFACE_STYLE_USAGE(.BOTH.,#849);
#809=SURFACE_STYLE_USAGE(.BOTH.,#850);
#810=SURFACE_STYLE_USAGE(.BOTH.,#851);
#811=SURFACE_STYLE_USAGE(.BOTH.,#852);
#812=SURFACE_STYLE_USAGE(.BOTH.,#853);
#813=SURFACE_STYLE_USAGE(.BOTH.,#854);
#814=SURFACE_STYLE_USAGE(.BOTH.,#855);
#815=SURFACE_STYLE_USAGE(.BOTH.,#856);
#816=SURFACE_STYLE_USAGE(.BOTH.,#857);
#817=SURFACE_STYLE_USAGE(.BOTH.,#858);
#818=SURFACE_STYLE_USAGE(.BOTH.,#859);
#819=SURFACE_STYLE_USAGE(.BOTH.,#860);
#820=SURFACE_STYLE_USAGE(.BOTH.,#861);
#821=SURFACE_STYLE_USAGE(.BOTH.,#862);
#822=SURFACE_STYLE_USAGE(.BOTH.,#863);
#823=SURFACE_STYLE_USAGE(.BOTH.,#864);
#824=SURFACE_STYLE_USAGE(.BOTH.,#865);
#825=SURFACE_STYLE_USAGE(.BOTH.,#866);
#826=SURFACE_STYLE_USAGE(.BOTH.,#867);
#827=SURFACE_STYLE_USAGE(.BOTH.,#868);
#828=SURFACE_STYLE_USAGE(.BOTH.,#869);
#829=SURFACE_STYLE_USAGE(.BOTH.,#870);
#830=SURFACE_STYLE_USAGE(.BOTH.,#871);
#831=SURFACE_STYLE_USAGE(.BOTH.,#872);
#832=SURFACE_SIDE_STYLE('',(#873));
#833=SURFACE_SIDE_STYLE('',(#874));
#834=SURFACE_SIDE_STYLE('',(#875));
#835=SURFACE_SIDE_STYLE('',(#876));
#836=SURFACE_SIDE_STYLE('',(#877));
#837=SURFACE_SIDE_STYLE('',(#878));
#838=SURFACE_SIDE_STYLE('',(#879));
#839=SURFACE_SIDE_STYLE('',(#880));
#840=SURFACE_SIDE_STYLE('',(#881));
#841=SURFACE_SIDE_STYLE('',(#882));
#842=SURFACE_SIDE_STYLE('',(#883));
#843=SURFACE_SIDE_STYLE('',(#884));
#844=SURFACE_SIDE_STYLE('',(#885));
#845=SURFACE_SIDE_STYLE('',(#886));
#846=SURFACE_SIDE_STYLE('',(#887));
#847=SURFACE_SIDE_STYLE('',(#888));
#848=SURFACE_SIDE_STYLE('',(#889));
#849=SURFACE_SIDE_STYLE('',(#890));
#850=SURFACE_SIDE_STYLE('',(#891));
#851=SURFACE_SIDE_STYLE('',(#892));
#852=SURFACE_SIDE_STYLE('',(#893));
#853=SURFACE_SIDE_STYLE('',(#894));
#854=SURFACE_SIDE_STYLE('',(#895));
#855=SURFACE_SIDE_STYLE('',(#896));
#856=SURFACE_SIDE_STYLE('',(#897));
#857=SURFACE_SIDE_STYLE('',(#898));
#858=SURFACE_SIDE_STYLE('',(#899));
#859=SURFACE_SIDE_STYLE('',(#900));
#860=SURFACE_SIDE_STYLE('',(#901));
#861=SURFACE_SIDE_STYLE('',(#902));
#862=SURFACE_SIDE_STYLE('',(#903));
#863=SURFACE_SIDE_STYLE('',(#904));
#864=SURFACE_SIDE_STYLE('',(#905));
#865=SURFACE_SIDE_STYLE('',(#906));
#866=SURFACE_SIDE_STYLE('',(#907));
#867=SURFACE_SIDE_STYLE('',(#908));
#868=SURFACE_SIDE_STYLE('',(#909));
#869=SURFACE_SIDE_STYLE('',(#910));
#870=SURFACE_SIDE_STYLE('',(#911));
#871=SURFACE_SIDE_STYLE('',(#912));
#872=SURFACE_SIDE_STYLE('',(#913));
#873=SURFACE_STYLE_FILL_AREA(#914);
#874=SURFACE_STYLE_FILL_AREA(#915);
#875=SURFACE_STYLE_FILL_AREA(#916);
#876=SURFACE_STYLE_FILL_AREA(#917);
#877=SURFACE_STYLE_FILL_AREA(#918);
#878=SURFACE_STYLE_FILL_AREA(#919);
#879=SURFACE_STYLE_FILL_AREA(#920);
#880=SURFACE_STYLE_FILL_AREA(#921);
#881=SURFACE_STYLE_FILL_AREA(#922);
#882=SURFACE_STYLE_FILL_AREA(#923);
#883=SURFACE_STYLE_FILL_AREA(#924);
#884=SURFACE_STYLE_FILL_AREA(#925);
#885=SURFACE_STYLE_FILL_AREA(#926);
#886=SURFACE_STYLE_FILL_AREA(#927);
#887=SURFACE_STYLE_FILL_AREA(#928);
#888=SURFACE_STYLE_FILL_AREA(#929);
#889=SURFACE_STYLE_FILL_AREA(#930);
#890=SURFACE_STYLE_FILL_AREA(#931);
#891=SURFACE_STYLE_FILL_AREA(#932);
#892=SURFACE_STYLE_FILL_AREA(#933);
#893=SURFACE_STYLE_FILL_AREA(#934);
#894=SURFACE_STYLE_FILL_AREA(#935);
#895=SURFACE_STYLE_FILL_AREA(#936);
#896=SURFACE_STYLE_FILL_AREA(#937);
#897=SURFACE_STYLE_FILL_AREA(#938);
#898=SURFACE_STYLE_FILL_AREA(#939);
#899=SURFACE_STYLE_FILL_AREA(#940);
#900=SURFACE_STYLE_FILL_AREA(#941);
#901=SURFACE_STYLE_FILL_AREA(#942);
#902=SURFACE_STYLE_FILL_AREA(#943);
#903=SURFACE_STYLE_FILL_AREA(#944);
#904=SURFACE_STYLE_FILL_AREA(#945);
#905=SURFACE_STYLE_FILL_AREA(#946);
#906=SURFACE_STYLE_FILL_AREA(#947);
#907=SURFACE_STYLE_FILL_AREA(#948);
#908=SURFACE_STYLE_FILL_AREA(#949);
#909=SURFACE_STYLE_FILL_AREA(#950);
#910=SURFACE_STYLE_FILL_AREA(#951);
#911=SURFACE_STYLE_FILL_AREA(#952);
#912=SURFACE_STYLE_FILL_AREA(#953);
#913=SURFACE_STYLE_FILL_AREA(#954);
#914=FILL_AREA_STYLE('',(#955));
#915=FILL_AREA_STYLE('',(#956));
#916=FILL_AREA_STYLE('',(#957));
#917=FILL_AREA_STYLE('',(#958));
#918=FILL_AREA_STYLE('',(#959));
#919=FILL_AREA_STYLE('',(#960));
#920=FILL_AREA_STYLE('',(#961));
#921=FILL_AREA_STYLE('',(#962));
#922=FILL_AREA_STYLE('',(#963));
#923=FILL_AREA_STYLE('',(#964));
#924=FILL_AREA_STYLE('',(#965));
#925=FILL_AREA_STYLE('',(#966));
#926=FILL_AREA_STYLE('',(#967));
#927=FILL_AREA_STYLE('',(#968));
#928=FILL_AREA_STYLE('',(#969));
#929=FILL_AREA_STYLE('',(#970));
#930=FILL_AREA_STYLE('',(#971));
#931=FILL_AREA_STYLE('',(#972));
#932=FILL_AREA_STYLE('',(#973));
#933=FILL_AREA_STYLE('',(#974));
#934=FILL_AREA_STYLE('',(#975));
#935=FILL_AREA_STYLE('',(#976));
#936=FILL_AREA_STYLE('',(#977));
#937=FILL_AREA_STYLE('',(#978));
#938=FILL_AREA_STYLE('',(#979));
#939=FILL_AREA_STYLE('',(#980));
#940=FILL_AREA_STYLE('',(#981));
#941=FILL_AREA_STYLE('',(#982));
#942=FILL_AREA_STYLE('',(#983));
#943=FILL_AREA_STYLE('',(#984));
#944=FILL_AREA_STYLE('',(#985));
#945=FILL_AREA_STYLE('',(#986));
#946=FILL_AREA_STYLE('',(#987));
#947=FILL_AREA_STYLE('',(#988));
#948=FILL_AREA_STYLE('',(#989));
#949=FILL_AREA_STYLE('',(#990));
#950=FILL_AREA_STYLE('',(#991));
#951=FILL_AREA_STYLE('',(#992));
#952=FILL_AREA_STYLE('',(#993));
#953=FILL_AREA_STYLE('',(#994));
#954=FILL_AREA_STYLE('',(#995));
#955=FILL_AREA_STYLE_COLOUR('',#996);
#956=FILL_AREA_STYLE_COLOUR('',#997);
#957=FILL_AREA_STYLE_COLOUR('',#997);
#958=FILL_AREA_STYLE_COLOUR('',#998);
#959=FILL_AREA_STYLE_COLOUR('',#998);
#960=FILL_AREA_STYLE_COLOUR('',#998);
#961=FILL_AREA_STYLE_COLOUR('',#998);
#962=FILL_AREA_STYLE_COLOUR('',#998);
#963=FILL_AREA_STYLE_COLOUR('',#998);
#964=FILL_AREA_STYLE_COLOUR('',#997);
#965=FILL_AREA_STYLE_COLOUR('',#997);
#966=FILL_AREA_STYLE_COLOUR('',#997);
#967=FILL_AREA_STYLE_COLOUR('',#997);
#968=FILL_AREA_STYLE_COLOUR('',#998);
#969=FILL_AREA_STYLE_COLOUR('',#998);
#970=FILL_AREA_STYLE_COLOUR('',#997);
#971=FILL_AREA_STYLE_COLOUR('',#997);
#972=FILL_AREA_STYLE_COLOUR('',#997);
#973=FILL_AREA_STYLE_COLOUR('',#997);
#974=FILL_AREA_STYLE_COLOUR('',#997);
#975=FILL_AREA_STYLE_COLOUR('',#997);
#976=FILL_AREA_STYLE_COLOUR('',#997);
#977=FILL_AREA_STYLE_COLOUR('',#997);
#978=FILL_AREA_STYLE_COLOUR('',#997);
#979=FILL_AREA_STYLE_COLOUR('',#997);
#980=FILL_AREA_STYLE_COLOUR('',#997);
#981=FILL_AREA_STYLE_COLOUR('',#997);
#982=FILL_AREA_STYLE_COLOUR('',#997);
#983=FILL_AREA_STYLE_COLOUR('',#997);
#984=FILL_AREA_STYLE_COLOUR('',#997);
#985=FILL_AREA_STYLE_COLOUR('',#997);
#986=FILL_AREA_STYLE_COLOUR('',#997);
#987=FILL_AREA_STYLE_COLOUR('',#997);
#988=FILL_AREA_STYLE_COLOUR('',#997);
#989=FILL_AREA_STYLE_COLOUR('',#997);
#990=FILL_AREA_STYLE_COLOUR('',#997);
#991=FILL_AREA_STYLE_COLOUR('',#997);
#992=FILL_AREA_STYLE_COLOUR('',#999);
#993=FILL_AREA_STYLE_COLOUR('',#997);
#994=FILL_AREA_STYLE_COLOUR('',#997);
#995=FILL_AREA_STYLE_COLOUR('',#999);
#996=COLOUR_RGB('',0.615686274509804,0.811764705882353,0.929411764705882);
#997=COLOUR_RGB('',0.231372549019608,0.380392156862745,0.705882352941177);
#998=COLOUR_RGB('',0.447058823529412,0.243137254901961,0.);
#999=COLOUR_RGB('',0.647058823529412,0.647058823529412,0.647058823529412);
#1000=MANIFOLD_SOLID_BREP('Part 1',#748);
#1001=SHAPE_DEFINITION_REPRESENTATION(#2063,#1002);
#1002=SHAPE_REPRESENTATION('Part 1',(#1003),#2058);
#1003=AXIS2_PLACEMENT_3D('',#1230,#1052,#1053);
#1004=AXIS2_PLACEMENT_3D('',#1231,#1054,#1055);
#1005=AXIS2_PLACEMENT_3D('',#1248,#1064,#1065);
#1006=AXIS2_PLACEMENT_3D('',#1257,#1070,#1071);
#1007=AXIS2_PLACEMENT_3D('',#1271,#1079,#1080);
#1008=AXIS2_PLACEMENT_3D('',#1277,#1084,#1085);
#1009=AXIS2_PLACEMENT_3D('',#1294,#1090,#1091);
#1010=AXIS2_PLACEMENT_3D('',#1295,#1092,#1093);
#1011=AXIS2_PLACEMENT_3D('',#1302,#1097,#1098);
#1012=AXIS2_PLACEMENT_3D('',#1308,#1102,#1103);
#1013=AXIS2_PLACEMENT_3D('',#1316,#1109,#1110);
#1014=AXIS2_PLACEMENT_3D('',#1322,#1114,#1115);
#1015=AXIS2_PLACEMENT_3D('',#1325,#1118,#1119);
#1016=AXIS2_PLACEMENT_3D('',#1326,#1120,#1121);
#1017=AXIS2_PLACEMENT_3D('',#1328,#1122,#1123);
#1018=AXIS2_PLACEMENT_3D('',#1330,#1124,#1125);
#1019=AXIS2_PLACEMENT_3D('',#1331,#1126,#1127);
#1020=AXIS2_PLACEMENT_3D('',#1332,#1128,#1129);
#1021=AXIS2_PLACEMENT_3D('',#1333,#1130,#1131);
#1022=AXIS2_PLACEMENT_3D('',#1334,#1132,#1133);
#1023=AXIS2_PLACEMENT_3D('',#1336,#1134,#1135);
#1024=AXIS2_PLACEMENT_3D('',#1350,#1143,#1144);
#1025=AXIS2_PLACEMENT_3D('',#1356,#1148,#1149);
#1026=AXIS2_PLACEMENT_3D('',#1372,#1154,#1155);
#1027=AXIS2_PLACEMENT_3D('',#1378,#1159,#1160);
#1028=AXIS2_PLACEMENT_3D('',#1384,#1164,#1165);
#1029=AXIS2_PLACEMENT_3D('',#1392,#1171,#1172);
#1030=AXIS2_PLACEMENT_3D('',#1398,#1176,#1177);
#1031=AXIS2_PLACEMENT_3D('',#1406,#1183,#1184);
#1032=AXIS2_PLACEMENT_3D('',#1407,#1185,#1186);
#1033=AXIS2_PLACEMENT_3D('',#1409,#1187,#1188);
#1034=AXIS2_PLACEMENT_3D('',#1410,#1189,#1190);
#1035=AXIS2_PLACEMENT_3D('',#1411,#1191,#1192);
#1036=AXIS2_PLACEMENT_3D('',#1412,#1193,#1194);
#1037=AXIS2_PLACEMENT_3D('',#1413,#1195,#1196);
#1038=AXIS2_PLACEMENT_3D('',#1415,#1197,#1198);
#1039=AXIS2_PLACEMENT_3D('',#1416,#1199,#1200);
#1040=AXIS2_PLACEMENT_3D('',#1417,#1201,#1202);
#1041=AXIS2_PLACEMENT_3D('',#1419,#1203,#1204);
#1042=AXIS2_PLACEMENT_3D('',#1420,#1205,#1206);
#1043=AXIS2_PLACEMENT_3D('',#1424,#1209,#1210);
#1044=AXIS2_PLACEMENT_3D('',#1428,#1213,#1214);
#1045=AXIS2_PLACEMENT_3D('',#1430,#1216,#1217);
#1046=AXIS2_PLACEMENT_3D('',#1431,#1218,#1219);
#1047=AXIS2_PLACEMENT_3D('',#1433,#1220,#1221);
#1048=AXIS2_PLACEMENT_3D('',#1486,#1222,#1223);
#1049=AXIS2_PLACEMENT_3D('',#1487,#1224,#1225);
#1050=AXIS2_PLACEMENT_3D('',#1488,#1226,#1227);
#1051=AXIS2_PLACEMENT_3D('',#1489,#1228,#1229);
#1052=DIRECTION('',(0.,0.,1.));
#1053=DIRECTION('',(1.,0.,0.));
#1054=DIRECTION('',(1.,0.,0.));
#1055=DIRECTION('',(0.,0.,-1.));
#1056=DIRECTION('',(0.,0.,-1.));
#1057=DIRECTION('',(0.,1.,0.));
#1058=DIRECTION('',(0.,0.,-1.));
#1059=DIRECTION('',(0.,1.,0.));
#1060=DIRECTION('',(0.,0.,-1.));
#1061=DIRECTION('',(0.,1.,0.));
#1062=DIRECTION('',(0.,0.,-1.));
#1063=DIRECTION('',(0.,1.,0.));
#1064=DIRECTION('',(1.,0.,0.));
#1065=DIRECTION('',(0.,0.,-1.));
#1066=DIRECTION('',(0.,0.,-1.));
#1067=DIRECTION('',(0.,1.,0.));
#1068=DIRECTION('',(0.,0.,-1.));
#1069=DIRECTION('',(0.,1.,0.));
#1070=DIRECTION('',(0.137434755295254,0.,0.990510821766695));
#1071=DIRECTION('',(0.990510821766695,0.,-0.137434755295254));
#1072=DIRECTION('',(0.990510821766695,0.,-0.137434755295255));
#1073=DIRECTION('',(0.,1.,0.));
#1074=DIRECTION('',(-0.990510821766695,0.,0.137434755295255));
#1075=DIRECTION('',(0.,1.,0.));
#1076=DIRECTION('',(-0.990510821766695,0.,0.137434755295255));
#1077=DIRECTION('',(0.,1.,0.));
#1078=DIRECTION('',(0.990510821766695,0.,-0.137434755295255));
#1079=DIRECTION('',(-0.990510821766695,0.,0.137434755295254));
#1080=DIRECTION('',(0.137434755295254,0.,0.990510821766695));
#1081=DIRECTION('',(0.137434755295254,0.,0.990510821766695));
#1082=DIRECTION('',(0.,1.,0.));
#1083=DIRECTION('',(0.137434755295254,0.,0.990510821766695));
#1084=DIRECTION('',(-0.137434755295255,0.,-0.990510821766695));
#1085=DIRECTION('',(-0.990510821766695,0.,0.137434755295255));
#1086=DIRECTION('',(0.,1.,0.));
#1087=DIRECTION('',(-0.990510821766695,0.,0.137434755295255));
#1088=DIRECTION('',(0.,1.,0.));
#1089=DIRECTION('',(-0.990510821766695,0.,0.137434755295255));
#1090=DIRECTION('',(-0.137434755295255,0.,0.990510821766695));
#1091=DIRECTION('',(0.990510821766695,0.,0.137434755295255));
#1092=DIRECTION('',(-0.137434755295255,0.,0.990510821766695));
#1093=DIRECTION('',(0.990510821766695,0.,0.137434755295255));
#1094=DIRECTION('',(0.990510821766695,0.,0.137434755295255));
#1095=DIRECTION('',(0.,1.,0.));
#1096=DIRECTION('',(0.990510821766695,0.,0.137434755295255));
#1097=DIRECTION('',(-0.990510821766695,0.,-0.137434755295255));
#1098=DIRECTION('',(-0.137434755295255,0.,0.990510821766695));
#1099=DIRECTION('',(-0.137434755295255,0.,0.990510821766695));
#1100=DIRECTION('',(0.,1.,0.));
#1101=DIRECTION('',(-0.137434755295255,0.,0.990510821766695));
#1102=DIRECTION('',(0.137434755295254,0.,-0.990510821766695));
#1103=DIRECTION('',(-0.990510821766695,0.,-0.137434755295255));
#1104=DIRECTION('',(-0.990510821766695,0.,-0.137434755295254));
#1105=DIRECTION('',(0.990510821766695,0.,0.137434755295254));
#1106=DIRECTION('',(0.,1.,0.));
#1107=DIRECTION('',(0.990510821766695,0.,0.137434755295254));
#1108=DIRECTION('',(-0.990510821766695,0.,-0.137434755295254));
#1109=DIRECTION('',(1.,0.,0.));
#1110=DIRECTION('',(0.,0.,-1.));
#1111=DIRECTION('',(0.,0.,-1.));
#1112=DIRECTION('',(0.,1.,0.));
#1113=DIRECTION('',(0.,0.,-1.));
#1114=DIRECTION('',(0.,0.,-1.));
#1115=DIRECTION('',(-1.,0.,0.));
#1116=DIRECTION('',(-1.,0.,0.));
#1117=DIRECTION('',(-1.,0.,0.));
#1118=DIRECTION('',(0.,-1.,0.));
#1119=DIRECTION('',(1.,0.,0.));
#1120=DIRECTION('',(0.,-1.,0.));
#1121=DIRECTION('',(0.,0.,-1.));
#1122=DIRECTION('',(0.,-1.,0.));
#1123=DIRECTION('',(0.,0.,-1.));
#1124=DIRECTION('',(0.,-1.,0.));
#1125=DIRECTION('',(1.,0.,0.));
#1126=DIRECTION('',(0.,-1.,0.));
#1127=DIRECTION('',(1.,0.,0.));
#1128=DIRECTION('',(0.,-1.,0.));
#1129=DIRECTION('',(1.,0.,0.));
#1130=DIRECTION('',(0.,-1.,0.));
#1131=DIRECTION('',(0.,0.,-1.));
#1132=DIRECTION('',(0.,-1.,0.));
#1133=DIRECTION('',(0.,0.,-1.));
#1134=DIRECTION('',(0.137434755295254,0.,0.990510821766695));
#1135=DIRECTION('',(0.990510821766695,0.,-0.137434755295254));
#1136=DIRECTION('',(0.990510821766695,0.,-0.137434755295254));
#1137=DIRECTION('',(0.,1.,0.));
#1138=DIRECTION('',(-0.990510821766695,0.,0.137434755295254));
#1139=DIRECTION('',(0.,1.,0.));
#1140=DIRECTION('',(-0.990510821766695,0.,0.137434755295254));
#1141=DIRECTION('',(0.,1.,0.));
#1142=DIRECTION('',(0.990510821766695,0.,-0.137434755295254));
#1143=DIRECTION('',(-0.990510821766695,0.,0.137434755295254));
#1144=DIRECTION('',(0.137434755295254,0.,0.990510821766695));
#1145=DIRECTION('',(0.137434755295254,0.,0.990510821766695));
#1146=DIRECTION('',(0.,1.,0.));
#1147=DIRECTION('',(0.137434755295254,0.,0.990510821766695));
#1148=DIRECTION('',(-0.137434755295255,0.,-0.990510821766695));
#1149=DIRECTION('',(-0.990510821766695,0.,0.137434755295255));
#1150=DIRECTION('',(0.,1.,0.));
#1151=DIRECTION('',(-0.990510821766695,0.,0.137434755295255));
#1152=DIRECTION('',(0.,1.,0.));
#1153=DIRECTION('',(-0.990510821766695,0.,0.137434755295255));
#1154=DIRECTION('',(-0.137434755295255,0.,0.990510821766695));
#1155=DIRECTION('',(0.990510821766695,0.,0.137434755295255));
#1156=DIRECTION('',(0.990510821766695,0.,0.137434755295255));
#1157=DIRECTION('',(0.,1.,0.));
#1158=DIRECTION('',(0.990510821766695,0.,0.137434755295255));
#1159=DIRECTION('',(-0.990510821766695,0.,-0.137434755295255));
#1160=DIRECTION('',(-0.137434755295255,0.,0.990510821766695));
#1161=DIRECTION('',(-0.137434755295255,0.,0.990510821766695));
#1162=DIRECTION('',(0.,1.,0.));
#1163=DIRECTION('',(-0.137434755295255,0.,0.990510821766695));
#1164=DIRECTION('',(0.137434755295254,0.,-0.990510821766695));
#1165=DIRECTION('',(-0.990510821766695,0.,-0.137434755295255));
#1166=DIRECTION('',(-0.990510821766695,0.,-0.137434755295255));
#1167=DIRECTION('',(0.990510821766695,0.,0.137434755295255));
#1168=DIRECTION('',(0.,1.,0.));
#1169=DIRECTION('',(0.990510821766695,0.,0.137434755295255));
#1170=DIRECTION('',(-0.990510821766695,0.,-0.137434755295255));
#1171=DIRECTION('',(1.,0.,0.));
#1172=DIRECTION('',(0.,0.,-1.));
#1173=DIRECTION('',(0.,0.,-1.));
#1174=DIRECTION('',(0.,0.,-1.));
#1175=DIRECTION('',(0.,1.,0.));
#1176=DIRECTION('',(0.,0.,-1.));
#1177=DIRECTION('',(-1.,0.,0.));
#1178=DIRECTION('',(-1.,0.,0.));
#1179=DIRECTION('',(-1.70740499604017E-16,1.,0.));
#1180=DIRECTION('',(-1.,0.,0.));
#1181=DIRECTION('',(-1.,0.,0.));
#1182=DIRECTION('',(-1.,0.,0.));
#1183=DIRECTION('',(0.,-1.,0.));
#1184=DIRECTION('',(1.,0.,0.));
#1185=DIRECTION('',(0.,-1.,0.));
#1186=DIRECTION('',(0.,0.,-1.));
#1187=DIRECTION('',(0.,-1.,0.));
#1188=DIRECTION('',(1.,0.,0.));
#1189=DIRECTION('',(0.,-1.,0.));
#1190=DIRECTION('',(1.,0.,0.));
#1191=DIRECTION('',(0.,-1.,0.));
#1192=DIRECTION('',(1.,0.,0.));
#1193=DIRECTION('',(0.,-1.,0.));
#1194=DIRECTION('',(0.,0.,-1.));
#1195=DIRECTION('',(0.,-1.,0.));
#1196=DIRECTION('',(0.,0.,-1.));
#1197=DIRECTION('',(0.,-1.,0.));
#1198=DIRECTION('',(1.,0.,0.));
#1199=DIRECTION('',(0.,1.,0.));
#1200=DIRECTION('',(0.,0.,1.));
#1201=DIRECTION('',(0.,-1.,0.));
#1202=DIRECTION('',(0.,0.,-1.));
#1203=DIRECTION('',(0.,-1.,0.));
#1204=DIRECTION('',(1.,0.,0.));
#1205=DIRECTION('',(0.,-1.,0.));
#1206=DIRECTION('',(0.,0.,-1.));
#1207=DIRECTION('',(-1.,0.,0.));
#1208=DIRECTION('',(0.,0.,-1.));
#1209=DIRECTION('',(0.,-1.,0.));
#1210=DIRECTION('',(0.,0.,-1.));
#1211=DIRECTION('',(0.,0.,-1.));
#1212=DIRECTION('',(-1.,0.,0.));
#1213=DIRECTION('',(-1.,-1.70740499604017E-16,0.));
#1214=DIRECTION('',(1.70740499604017E-16,-1.,0.));
#1215=DIRECTION('',(-1.70740499604017E-16,1.,0.));
#1216=DIRECTION('',(0.,0.,1.));
#1217=DIRECTION('',(1.,0.,0.));
#1218=DIRECTION('',(0.,0.,1.));
#1219=DIRECTION('',(1.,0.,0.));
#1220=DIRECTION('',(0.,-1.,0.));
#1221=DIRECTION('',(1.,0.,0.));
#1222=DIRECTION('',(-0.960295342311054,0.,-0.278985403804026));
#1223=DIRECTION('',(-0.278985403804026,0.,0.960295342311054));
#1224=DIRECTION('',(-0.960295342311054,0.,-0.278985403804026));
#1225=DIRECTION('',(-0.278985403804026,0.,0.960295342311054));
#1226=DIRECTION('',(-0.960295342311054,0.,-0.278985403804026));
#1227=DIRECTION('',(-0.278985403804026,0.,0.960295342311054));
#1228=DIRECTION('',(-0.960295342311054,0.,-0.278985403804026));
#1229=DIRECTION('',(-0.278985403804026,0.,0.960295342311054));
#1230=CARTESIAN_POINT('',(0.,0.,0.));
#1231=CARTESIAN_POINT('',(0.08636,-0.254,0.));
#1232=CARTESIAN_POINT('',(0.08636,-0.124003433638061,-0.07366));
#1233=CARTESIAN_POINT('',(0.08636,-0.124003433638061,-0.07366));
#1234=CARTESIAN_POINT('',(0.08636,-0.124003433638061,-0.12446));
#1235=CARTESIAN_POINT('',(0.08636,-0.254,-0.07366));
#1236=CARTESIAN_POINT('',(0.08636,-0.225603433638061,-0.07366));
#1237=CARTESIAN_POINT('',(0.08636,-0.225603433638061,-0.07366));
#1238=CARTESIAN_POINT('',(0.08636,-0.225603433638061,-0.12446));
#1239=CARTESIAN_POINT('',(0.08636,-0.254,-0.12446));
#1240=CARTESIAN_POINT('',(0.08636,-0.25146,-0.12446));
#1241=CARTESIAN_POINT('',(0.08636,-0.25146,0.));
#1242=CARTESIAN_POINT('',(0.08636,-0.25146,0.129916761952481));
#1243=CARTESIAN_POINT('',(0.08636,-0.254,0.129916761952481));
#1244=CARTESIAN_POINT('',(0.08636,-0.00254,0.129916761952481));
#1245=CARTESIAN_POINT('',(0.08636,-0.00254,0.));
#1246=CARTESIAN_POINT('',(0.08636,-0.00254,-0.12446));
#1247=CARTESIAN_POINT('',(0.08636,-0.254,-0.12446));
#1248=CARTESIAN_POINT('',(0.0889,-0.254,0.));
#1249=CARTESIAN_POINT('',(0.0889,0.,0.));
#1250=CARTESIAN_POINT('',(0.0889,0.,0.127));
#1251=CARTESIAN_POINT('',(0.0889,0.,-0.127));
#1252=CARTESIAN_POINT('',(0.0889,-0.254,0.127));
#1253=CARTESIAN_POINT('',(0.0889,-0.254,0.127));
#1254=CARTESIAN_POINT('',(0.0889,-0.254,0.));
#1255=CARTESIAN_POINT('',(0.0889,-0.254,-0.127));
#1256=CARTESIAN_POINT('',(0.0889,-0.254,-0.127));
#1257=CARTESIAN_POINT('',(0.121820140863281,-0.254,0.122432284630913));
#1258=CARTESIAN_POINT('',(0.0229434788947347,0.,0.136151559113772));
#1259=CARTESIAN_POINT('',(1.11022302462516E-16,0.,0.139334998747369));
#1260=CARTESIAN_POINT('',(1.11022302462516E-16,-0.2794,0.13933499874737));
#1261=CARTESIAN_POINT('',(1.11022302462516E-16,0.0254,0.13933499874737));
#1262=CARTESIAN_POINT('',(0.04445,0.0254,0.133167499373685));
#1263=CARTESIAN_POINT('',(0.154740281726562,0.0254,0.117864569261827));
#1264=CARTESIAN_POINT('',(0.154740281726562,-0.254,0.117864569261827));
#1265=CARTESIAN_POINT('',(0.154740281726562,-0.2794,0.117864569261827));
#1266=CARTESIAN_POINT('',(0.04445,-0.2794,0.133167499373685));
#1267=CARTESIAN_POINT('',(1.11022302462516E-16,-0.2794,0.13933499874737));
#1268=CARTESIAN_POINT('',(1.11022302462516E-16,-0.2794,0.13933499874737));
#1269=CARTESIAN_POINT('',(1.11022302462516E-16,-0.254,0.13933499874737));
#1270=CARTESIAN_POINT('',(0.0229434788947347,-0.254,0.136151559113772));
#1271=CARTESIAN_POINT('',(0.157358413814936,-0.254,0.136733800416482));
#1272=CARTESIAN_POINT('',(0.157358413814936,0.0254,0.136733800416482));
#1273=CARTESIAN_POINT('',(0.15997654590331,0.0254,0.155603031571138));
#1274=CARTESIAN_POINT('',(0.15997654590331,-0.254,0.155603031571138));
#1275=CARTESIAN_POINT('',(0.15997654590331,-0.2794,0.155603031571138));
#1276=CARTESIAN_POINT('',(0.157358413814936,-0.2794,0.136733800416482));
#1277=CARTESIAN_POINT('',(0.0799882729516554,-0.254,0.166701515785569));
#1278=CARTESIAN_POINT('',(0.0724117270483446,-0.12065,0.167752772076083));
#1279=CARTESIAN_POINT('',(0.0732428815818569,-0.12065,0.167637448227605));
#1280=CARTESIAN_POINT('',(0.0748741793968262,-0.120980324194961,0.167411103385038));
#1281=CARTESIAN_POINT('',(0.0776798537116218,-0.122859802616108,0.167021812168406));
#1282=CARTESIAN_POINT('',(0.0793827256638052,-0.126991675272925,0.16678553631467));
#1283=CARTESIAN_POINT('',(0.0773386321789987,-0.131971525542229,0.167069157131032));
#1284=CARTESIAN_POINT('',(0.074074036115369,-0.13335,0.167522124379126));
#1285=CARTESIAN_POINT('',(0.0724117270483445,-0.13335,0.167752772076083));
#1286=CARTESIAN_POINT('',(0.0724117270483447,-0.12065,0.167752772076083));
#1287=CARTESIAN_POINT('',(0.0724117270483447,-0.13335,0.167752772076083));
#1288=CARTESIAN_POINT('',(0.0724117270483447,-0.254,0.167752772076083));
#1289=CARTESIAN_POINT('',(0.0799882729516554,0.0254,0.166701515785569));
#1290=CARTESIAN_POINT('',(-5.20417042793042E-18,0.0254,0.1778));
#1291=CARTESIAN_POINT('',(-5.20417042793042E-18,-0.254,0.1778));
#1292=CARTESIAN_POINT('',(-5.20417042793042E-18,-0.2794,0.1778));
#1293=CARTESIAN_POINT('',(0.0799882729516554,-0.2794,0.166701515785569));
#1294=CARTESIAN_POINT('',(-0.0724117270483447,-0.254,0.167752772076083));
#1295=CARTESIAN_POINT('',(-0.0724117270483447,-0.127,0.167752772076083));
#1296=CARTESIAN_POINT('',(-0.0661219833301262,-0.127,0.168625482772208));
#1297=CARTESIAN_POINT('',(-0.0724117270483447,0.0254,0.167752772076083));
#1298=CARTESIAN_POINT('',(-0.144823454096689,0.0254,0.157705544152167));
#1299=CARTESIAN_POINT('',(-0.144823454096689,-0.254,0.157705544152167));
#1300=CARTESIAN_POINT('',(-0.144823454096689,-0.2794,0.157705544152167));
#1301=CARTESIAN_POINT('',(-0.0724117270483447,-0.2794,0.167752772076083));
#1302=CARTESIAN_POINT('',(-0.142205322008315,-0.254,0.138836312997511));
#1303=CARTESIAN_POINT('',(-0.142205322008315,0.0254,0.138836312997511));
#1304=CARTESIAN_POINT('',(-0.13958718991994,0.0254,0.119967081842855));
#1305=CARTESIAN_POINT('',(-0.13958718991994,-0.254,0.119967081842855));
#1306=CARTESIAN_POINT('',(-0.13958718991994,-0.2794,0.119967081842855));
#1307=CARTESIAN_POINT('',(-0.142205322008315,-0.2794,0.138836312997511));
#1308=CARTESIAN_POINT('',(-0.11424359495997,-0.254,0.123483540921428));
#1309=CARTESIAN_POINT('',(-0.11424359495997,0.0254,0.123483540921428));
#1310=CARTESIAN_POINT('',(-0.00807660341336177,0.,0.138214358781263));
#1311=CARTESIAN_POINT('',(-0.0889,0.,0.127));
#1312=CARTESIAN_POINT('',(-0.0889,-0.254,0.127));
#1313=CARTESIAN_POINT('',(-0.0889,-0.254,0.127));
#1314=CARTESIAN_POINT('',(-0.00807660341336177,-0.254,0.138214358781263));
#1315=CARTESIAN_POINT('',(-0.11424359495997,-0.2794,0.123483540921428));
#1316=CARTESIAN_POINT('',(-0.0889,-0.254,0.));
#1317=CARTESIAN_POINT('',(-0.0889,0.,0.));
#1318=CARTESIAN_POINT('',(-0.0889,0.,-0.127));
#1319=CARTESIAN_POINT('',(-0.0889,-0.254,-0.127));
#1320=CARTESIAN_POINT('',(-0.0889,-0.254,-0.127));
#1321=CARTESIAN_POINT('',(-0.0889,-0.254,0.));
#1322=CARTESIAN_POINT('',(0.,-0.254,-0.127));
#1323=CARTESIAN_POINT('',(0.,0.,-0.127));
#1324=CARTESIAN_POINT('',(0.,-0.254,-0.127));
#1325=CARTESIAN_POINT('',(0.00757654590331067,-0.254,0.0254));
#1326=CARTESIAN_POINT('',(0.,-0.254,1.94412679364643E-19));
#1327=CARTESIAN_POINT('',(0.,-0.254,-0.003175));
#1328=CARTESIAN_POINT('',(0.,-0.254,0.0804161503911018));
#1329=CARTESIAN_POINT('',(0.,-0.254,0.0359661503911018));
#1330=CARTESIAN_POINT('',(0.00757654590331067,0.,0.0254));
#1331=CARTESIAN_POINT('',(0.00757654590331067,0.0254,0.0254));
#1332=CARTESIAN_POINT('',(0.00757654590331067,-0.2794,0.0254));
#1333=CARTESIAN_POINT('',(0.,-0.2286,0.0804161503911018));
#1334=CARTESIAN_POINT('',(0.,-0.2286,0.0804161503911018));
#1335=CARTESIAN_POINT('',(0.,-0.2286,0.0359661503911018));
#1336=CARTESIAN_POINT('',(0.122169225141731,-0.254,0.124948182118201));
#1337=CARTESIAN_POINT('',(0.122169225141731,-0.25146,0.124948182118201));
#1338=CARTESIAN_POINT('',(4.57140102481733E-17,-0.25146,0.141899332164211));
#1339=CARTESIAN_POINT('',(5.55111512312578E-17,-0.254,0.141899332164211));
#1340=CARTESIAN_POINT('',(4.57140102481733E-17,-0.27686,0.141899332164211));
#1341=CARTESIAN_POINT('',(0.0232925631731846,-0.27686,0.138667456601059));
#1342=CARTESIAN_POINT('',(0.152573468517724,-0.27686,0.120729551027564));
#1343=CARTESIAN_POINT('',(0.152573468517724,-0.254,0.120729551027564));
#1344=CARTESIAN_POINT('',(0.152573468517724,0.02286,0.120729551027564));
#1345=CARTESIAN_POINT('',(0.0232925631731846,0.02286,0.138667456601059));
#1346=CARTESIAN_POINT('',(4.57140102481733E-17,0.02286,0.141899332164211));
#1347=CARTESIAN_POINT('',(5.55111512312578E-17,-0.254,0.141899332164211));
#1348=CARTESIAN_POINT('',(3.9342469544335E-17,-0.00254,0.141899332164211));
#1349=CARTESIAN_POINT('',(0.122169225141731,-0.00254,0.124948182118201));
#1350=CARTESIAN_POINT('',(0.154842516327649,-0.254,0.137082884694932));
#1351=CARTESIAN_POINT('',(0.154842516327649,-0.27686,0.137082884694932));
#1352=CARTESIAN_POINT('',(0.157111564137573,-0.27686,0.153436218362301));
#1353=CARTESIAN_POINT('',(0.157111564137573,-0.254,0.153436218362301));
#1354=CARTESIAN_POINT('',(0.157111564137573,0.02286,0.153436218362301));
#1355=CARTESIAN_POINT('',(0.154842516327649,0.02286,0.137082884694932));
#1356=CARTESIAN_POINT('',(0.0796391886732054,-0.254,0.164185618298281));
#1357=CARTESIAN_POINT('',(0.0731880103295698,-0.254,0.165080728273398));
#1358=CARTESIAN_POINT('',(0.0731880103295698,-0.132707895074703,0.165080728273398));
#1359=CARTESIAN_POINT('',(0.0731880103295698,-0.121292104925297,0.165080728273398));
#1360=CARTESIAN_POINT('',(0.0731880103295698,-0.121292104925297,0.165080728273397));
#1361=CARTESIAN_POINT('',(0.074260938165216,-0.121809693610971,0.164931858042703));
#1362=CARTESIAN_POINT('',(0.0760847176698133,-0.123424609898928,0.164678806097769));
#1363=CARTESIAN_POINT('',(0.0771395522062056,-0.126997694676968,0.164532446337532));
#1364=CARTESIAN_POINT('',(0.0760972033924232,-0.130556959608574,0.164677073686377));
#1365=CARTESIAN_POINT('',(0.0742610563093518,-0.132190249395384,0.16493184165004));
#1366=CARTESIAN_POINT('',(0.0731880103295698,-0.132707895074703,0.165080728273397));
#1367=CARTESIAN_POINT('',(0.0796391886732054,-0.27686,0.164185618298281));
#1368=CARTESIAN_POINT('',(-1.79472518356069E-17,-0.27686,0.175235666583158));
#1369=CARTESIAN_POINT('',(-1.38777878078145E-17,-0.254,0.175235666583158));
#1370=CARTESIAN_POINT('',(-1.79472518356069E-17,0.02286,0.175235666583158));
#1371=CARTESIAN_POINT('',(0.0796391886732054,0.02286,0.164185618298281));
#1372=CARTESIAN_POINT('',(-0.0720626427698947,-0.254,0.165236874588796));
#1373=CARTESIAN_POINT('',(-0.0720626427698947,-0.27686,0.165236874588796));
#1374=CARTESIAN_POINT('',(-0.141958472330952,-0.27686,0.155538730943329));
#1375=CARTESIAN_POINT('',(-0.141958472330952,-0.254,0.155538730943329));
#1376=CARTESIAN_POINT('',(-0.141958472330952,0.02286,0.155538730943329));
#1377=CARTESIAN_POINT('',(-0.0720626427698947,0.02286,0.165236874588796));
#1378=CARTESIAN_POINT('',(-0.139689424521027,-0.254,0.139185397275961));
#1379=CARTESIAN_POINT('',(-0.139689424521027,-0.27686,0.139185397275961));
#1380=CARTESIAN_POINT('',(-0.137420376711103,-0.27686,0.122832063608593));
#1381=CARTESIAN_POINT('',(-0.137420376711103,-0.254,0.122832063608593));
#1382=CARTESIAN_POINT('',(-0.137420376711103,0.02286,0.122832063608593));
#1383=CARTESIAN_POINT('',(-0.139689424521027,0.02286,0.139185397275961));
#1384=CARTESIAN_POINT('',(-0.11459267923842,-0.254,0.125999438408715));
#1385=CARTESIAN_POINT('',(-0.11459267923842,-0.27686,0.125999438408715));
#1386=CARTESIAN_POINT('',(-0.00842568769181172,-0.25146,0.140730256268551));
#1387=CARTESIAN_POINT('',(-0.08636,-0.25146,0.129916761952481));
#1388=CARTESIAN_POINT('',(-0.08636,-0.254,0.129916761952481));
#1389=CARTESIAN_POINT('',(-0.08636,-0.00254,0.129916761952481));
#1390=CARTESIAN_POINT('',(-0.00842568769181172,-0.00254,0.140730256268551));
#1391=CARTESIAN_POINT('',(-0.11459267923842,0.02286,0.125999438408715));
#1392=CARTESIAN_POINT('',(-0.08636,-0.254,0.));
#1393=CARTESIAN_POINT('',(-0.08636,-0.00254,0.));
#1394=CARTESIAN_POINT('',(-0.08636,-0.00254,-0.12446));
#1395=CARTESIAN_POINT('',(-0.08636,-0.25146,0.));
#1396=CARTESIAN_POINT('',(-0.08636,-0.25146,-0.12446));
#1397=CARTESIAN_POINT('',(-0.08636,-0.254,-0.12446));
#1398=CARTESIAN_POINT('',(0.,-0.254,-0.12446));
#1399=CARTESIAN_POINT('',(0.04826,-0.225603433638061,-0.12446));
#1400=CARTESIAN_POINT('',(0.01016,-0.225603433638061,-0.12446));
#1401=CARTESIAN_POINT('',(0.01016,-0.174803433638062,-0.12446));
#1402=CARTESIAN_POINT('',(0.01016,-0.124003433638061,-0.12446));
#1403=CARTESIAN_POINT('',(0.04826,-0.124003433638061,-0.12446));
#1404=CARTESIAN_POINT('',(0.,-0.00254,-0.12446));
#1405=CARTESIAN_POINT('',(0.,-0.25146,-0.12446));
#1406=CARTESIAN_POINT('',(0.00757654590331067,-0.25146,0.0254));
#1407=CARTESIAN_POINT('',(0.,-0.25146,0.0804161503911018));
#1408=CARTESIAN_POINT('',(0.,-0.25146,0.0334261503911018));
#1409=CARTESIAN_POINT('',(0.00757654590331067,-0.00254,0.0254));
#1410=CARTESIAN_POINT('',(0.00757654590331067,0.02286,0.0254));
#1411=CARTESIAN_POINT('',(0.00757654590331067,-0.27686,0.0254));
#1412=CARTESIAN_POINT('',(0.,-0.2286,0.0804161503911018));
#1413=CARTESIAN_POINT('',(0.,-0.2286,0.0804161503911018));
#1414=CARTESIAN_POINT('',(0.,-0.2286,0.0334261503911018));
#1415=CARTESIAN_POINT('',(0.,-0.2286,0.00616749937368474));
#1416=CARTESIAN_POINT('',(0.,-0.2794,1.94412679364643E-19));
#1417=CARTESIAN_POINT('',(0.,-0.2794,1.94412679364643E-19));
#1418=CARTESIAN_POINT('',(0.,-0.2794,-0.003175));
#1419=CARTESIAN_POINT('',(0.,-0.2794,0.00616749937368474));
#1420=CARTESIAN_POINT('',(0.04826,-0.225603433638061,-0.07366));
#1421=CARTESIAN_POINT('',(0.04826,-0.225603433638061,-0.07366));
#1422=CARTESIAN_POINT('',(0.01016,-0.225603433638061,-0.07366));
#1423=CARTESIAN_POINT('',(0.01016,-0.225603433638061,-0.07366));
#1424=CARTESIAN_POINT('',(0.04826,-0.124003433638061,-0.07366));
#1425=CARTESIAN_POINT('',(0.01016,-0.124003433638061,-0.07366));
#1426=CARTESIAN_POINT('',(0.01016,-0.124003433638061,-0.07366));
#1427=CARTESIAN_POINT('',(0.04826,-0.124003433638061,-0.07366));
#1428=CARTESIAN_POINT('',(0.01016,-0.174803433638062,-0.07366));
#1429=CARTESIAN_POINT('',(0.01016,-0.174803433638062,-0.07366));
#1430=CARTESIAN_POINT('',(0.,-0.127,-0.07366));
#1431=CARTESIAN_POINT('',(0.04826,-0.174803433638062,-0.07366));
#1432=CARTESIAN_POINT('',(0.07366,-0.174803433638062,-0.07366));
#1433=CARTESIAN_POINT('',(0.04826,-0.174803433638062,-0.07366));
#1434=CARTESIAN_POINT('',(0.075669133552561,-0.121244117398698,0.168107542513782));
#1435=CARTESIAN_POINT('',(0.07485201256145,-0.121244117398698,0.167114427008707));
#1436=CARTESIAN_POINT('',(0.0740155012767115,-0.121244117398698,0.166137588234374));
#1437=CARTESIAN_POINT('',(0.0731599238484744,-0.121244117398698,0.16517740471815));
#1438=CARTESIAN_POINT('',(0.0758944845370551,-0.121575795047991,0.167432294649251));
#1439=CARTESIAN_POINT('',(0.075068501291382,-0.121575795047991,0.166436221537205));
#1440=CARTESIAN_POINT('',(0.0742230712512424,-0.121575795047991,0.165456600174687));
#1441=CARTESIAN_POINT('',(0.0733585220228044,-0.121575795047991,0.164493810167324));
#1442=CARTESIAN_POINT('',(0.0762844359786519,-0.122478163283951,0.166263833465021));
#1443=CARTESIAN_POINT('',(0.0754431173265237,-0.122478163283951,0.165262642456091));
#1444=CARTESIAN_POINT('',(0.0745822541098497,-0.122478163283951,0.164278206052376));
#1445=CARTESIAN_POINT('',(0.073702179915191,-0.122478163283951,0.163310905725344));
#1446=CARTESIAN_POINT('',(0.0766403178250286,-0.124111090922988,0.165197459349412));
#1447=CARTESIAN_POINT('',(0.0757850036027292,-0.124111090922988,0.164191597588182));
#1448=CARTESIAN_POINT('',(0.0749100555878609,-0.124111090922988,0.163202766827712));
#1449=CARTESIAN_POINT('',(0.0740158128248775,-0.124111090922988,0.162231350242294));
#1450=CARTESIAN_POINT('',(0.076777999770535,-0.125418517377299,0.164784905395426));
#1451=CARTESIAN_POINT('',(0.0759172710058833,-0.125418517377299,0.163777236634849));
#1452=CARTESIAN_POINT('',(0.075036873928532,-0.125418517377299,0.162786705805682));
#1453=CARTESIAN_POINT('',(0.0741371496944598,-0.125418517377299,0.161813696740995));
#1454=CARTESIAN_POINT('',(0.0768240379951444,-0.126364522283829,0.164646955197764));
#1455=CARTESIAN_POINT('',(0.0759614987104855,-0.126364522283829,0.163638682210965));
#1456=CARTESIAN_POINT('',(0.0750792795702516,-0.126364522283829,0.162647582911151));
#1457=CARTESIAN_POINT('',(0.0741777224364753,-0.126364522283829,0.161674041351677));
#1458=CARTESIAN_POINT('',(0.0768335047400653,-0.127,0.164618588783895));
#1459=CARTESIAN_POINT('',(0.0759705931619215,-0.127,0.163610191551308));
#1460=CARTESIAN_POINT('',(0.075087999354665,-0.127,0.16261897535805));
#1461=CARTESIAN_POINT('',(0.0741860653255129,-0.127,0.161645324302774));
#1462=CARTESIAN_POINT('',(0.0768240379951444,-0.127635477716171,0.164646955197763));
#1463=CARTESIAN_POINT('',(0.0759614987104855,-0.127635477716171,0.163638682210965));
#1464=CARTESIAN_POINT('',(0.0750792795702516,-0.127635477716171,0.162647582911151));
#1465=CARTESIAN_POINT('',(0.0741777224364752,-0.127635477716171,0.161674041351676));
#1466=CARTESIAN_POINT('',(0.076777999770535,-0.128581482622701,0.164784905395426));
#1467=CARTESIAN_POINT('',(0.0759172710058834,-0.128581482622701,0.163777236634849));
#1468=CARTESIAN_POINT('',(0.075036873928532,-0.128581482622701,0.162786705805682));
#1469=CARTESIAN_POINT('',(0.0741371496944598,-0.128581482622701,0.161813696740995));
#1470=CARTESIAN_POINT('',(0.0766403178250286,-0.129888909077012,0.165197459349412));
#1471=CARTESIAN_POINT('',(0.0757850036027293,-0.129888909077012,0.164191597588182));
#1472=CARTESIAN_POINT('',(0.0749100555878609,-0.129888909077012,0.163202766827712));
#1473=CARTESIAN_POINT('',(0.0740158128248776,-0.129888909077012,0.162231350242295));
#1474=CARTESIAN_POINT('',(0.0762844359786519,-0.131521836716049,0.166263833465021));
#1475=CARTESIAN_POINT('',(0.0754431173265237,-0.131521836716049,0.165262642456091));
#1476=CARTESIAN_POINT('',(0.0745822541098498,-0.131521836716049,0.164278206052376));
#1477=CARTESIAN_POINT('',(0.0737021799151911,-0.131521836716049,0.163310905725344));
#1478=CARTESIAN_POINT('',(0.0758944845370551,-0.132424204952009,0.167432294649251));
#1479=CARTESIAN_POINT('',(0.075068501291382,-0.132424204952009,0.166436221537205));
#1480=CARTESIAN_POINT('',(0.0742230712512424,-0.132424204952009,0.165456600174687));
#1481=CARTESIAN_POINT('',(0.0733585220228044,-0.132424204952009,0.164493810167324));
#1482=CARTESIAN_POINT('',(0.075669133552561,-0.132755882601302,0.168107542513782));
#1483=CARTESIAN_POINT('',(0.07485201256145,-0.132755882601302,0.167114427008707));
#1484=CARTESIAN_POINT('',(0.0740155012767115,-0.132755882601302,0.166137588234374));
#1485=CARTESIAN_POINT('',(0.0731599238484744,-0.132755882601302,0.16517740471815));
#1486=CARTESIAN_POINT('',(0.0724117270483447,-0.127,0.167752772076083));
#1487=CARTESIAN_POINT('',(0.0724117270483447,-0.127,0.167752772076083));
#1488=CARTESIAN_POINT('',(0.0724117270483447,-0.127,0.167752772076083));
#1489=CARTESIAN_POINT('',(0.0724117270483447,-0.127,0.167752772076083));
#1490=CARTESIAN_POINT('',(-0.0661301528204161,-0.127404065737328,0.168624349244058));
#1491=CARTESIAN_POINT('',(-0.0720076331742362,-0.127404065737329,0.174915472399329));
#1492=CARTESIAN_POINT('',(-0.0794596871747969,-0.127404065737328,0.185622370504103));
#1493=CARTESIAN_POINT('',(-0.086641727545463,-0.127404065737329,0.202889376595849));
#1494=CARTESIAN_POINT('',(-0.0905479579247571,-0.127404065737329,0.219738615585267));
#1495=CARTESIAN_POINT('',(-0.090845470177001,-0.127404065737329,0.241412480018914));
#1496=CARTESIAN_POINT('',(-0.0847964934491702,-0.127404065737329,0.265300290234581));
#1497=CARTESIAN_POINT('',(-0.0715269502116131,-0.127404065737329,0.287765926792228));
#1498=CARTESIAN_POINT('',(-0.0524682466057038,-0.127404065737329,0.305585565304308));
#1499=CARTESIAN_POINT('',(-0.0291626092449538,-0.127404065737329,0.317316931356297));
#1500=CARTESIAN_POINT('',(-0.00349653420741522,-0.127404065737329,0.322010454076053));
#1501=CARTESIAN_POINT('',(0.0224525547562138,-0.127404065737329,0.319286239453249));
#1502=CARTESIAN_POINT('',(0.0465843267604473,-0.127404065737329,0.309364784813318));
#1503=CARTESIAN_POINT('',(0.0669454161911751,-0.127404065737329,0.29304915620045));
#1504=CARTESIAN_POINT('',(0.0818881837982619,-0.127404065737329,0.271659922929613));
#1505=CARTESIAN_POINT('',(0.0897397408869815,-0.127404065737329,0.248302469137812));
#1506=CARTESIAN_POINT('',(0.0910945645825904,-0.127404065737329,0.226668945019394));
#1507=CARTESIAN_POINT('',(0.0884835421008724,-0.127404065737329,0.209571048894472));
#1508=CARTESIAN_POINT('',(0.0826380653365032,-0.127404065737329,0.191806995171983));
#1509=CARTESIAN_POINT('',(0.0760235031296972,-0.127404065737329,0.180563403990088));
#1510=CARTESIAN_POINT('',(0.0706424707373658,-0.127404065737329,0.173842727219331));
#1511=CARTESIAN_POINT('',(-0.0661178985849807,-0.126999999999999,0.168626049536282));
#1512=CARTESIAN_POINT('',(-0.0719952167664271,-0.127,0.174916006621011));
#1513=CARTESIAN_POINT('',(-0.0794472800238844,-0.127,0.185621120930795));
#1514=CARTESIAN_POINT('',(-0.0866298761120763,-0.127,0.202885630870518));
#1515=CARTESIAN_POINT('',(-0.090536995660227,-0.127,0.21973267822487));
#1516=CARTESIAN_POINT('',(-0.0908361803255013,-0.127,0.241404095491059));
#1517=CARTESIAN_POINT('',(-0.0847897599609589,-0.127,0.265289710411325));
#1518=CARTESIAN_POINT('',(-0.0715234686294046,-0.127,0.287753878955));
#1519=CARTESIAN_POINT('',(-0.0524682986927556,-0.127,0.305573024601337));
#1520=CARTESIAN_POINT('',(-0.0291661907960804,-0.127,0.317304912853378));
#1521=CARTESIAN_POINT('',(-0.00350335532451585,-0.127,0.321999930565084));
#1522=CARTESIAN_POINT('',(0.0224430461830332,-0.127,0.319278062720592));
#1523=CARTESIAN_POINT('',(0.0465729003651236,-0.127,0.309359616696253));
#1524=CARTESIAN_POINT('',(0.0669329968499744,-0.127,0.293047415005264));
#1525=CARTESIAN_POINT('',(0.0818757767145651,-0.127,0.271661749619995));
#1526=CARTESIAN_POINT('',(0.089728293954063,-0.127,0.248307525754763));
#1527=CARTESIAN_POINT('',(0.0910846686505484,-0.127,0.226676527500592));
#1528=CARTESIAN_POINT('',(0.0884752837204963,-0.127,0.209580337924838));
#1529=CARTESIAN_POINT('',(0.0826318586367646,-0.127,0.191817810702741));
#1530=CARTESIAN_POINT('',(0.0760189209707764,-0.127,0.180574956322982));
#1531=CARTESIAN_POINT('',(0.0706390192326005,-0.127,0.173854607639972));
#1532=CARTESIAN_POINT('',(-0.0661301528204161,-0.126595934262671,0.168624349244058));
#1533=CARTESIAN_POINT('',(-0.0720076331742362,-0.126595934262672,0.174915472399329));
#1534=CARTESIAN_POINT('',(-0.0794596871747969,-0.126595934262671,0.185622370504103));
#1535=CARTESIAN_POINT('',(-0.086641727545463,-0.126595934262671,0.202889376595849));
#1536=CARTESIAN_POINT('',(-0.0905479579247572,-0.126595934262671,0.219738615585267));
#1537=CARTESIAN_POINT('',(-0.090845470177001,-0.126595934262671,0.241412480018914));
#1538=CARTESIAN_POINT('',(-0.0847964934491702,-0.126595934262671,0.265300290234581));
#1539=CARTESIAN_POINT('',(-0.0715269502116131,-0.126595934262671,0.287765926792228));
#1540=CARTESIAN_POINT('',(-0.0524682466057038,-0.126595934262671,0.305585565304308));
#1541=CARTESIAN_POINT('',(-0.0291626092449538,-0.126595934262671,0.317316931356297));
#1542=CARTESIAN_POINT('',(-0.00349653420741522,-0.126595934262671,0.322010454076053));
#1543=CARTESIAN_POINT('',(0.0224525547562138,-0.126595934262671,0.319286239453249));
#1544=CARTESIAN_POINT('',(0.0465843267604473,-0.126595934262671,0.309364784813318));
#1545=CARTESIAN_POINT('',(0.0669454161911751,-0.126595934262671,0.29304915620045));
#1546=CARTESIAN_POINT('',(0.0818881837982619,-0.126595934262671,0.271659922929613));
#1547=CARTESIAN_POINT('',(0.0897397408869815,-0.126595934262671,0.248302469137812));
#1548=CARTESIAN_POINT('',(0.0910945645825904,-0.126595934262671,0.226668945019394));
#1549=CARTESIAN_POINT('',(0.0884835421008724,-0.126595934262671,0.209571048894472));
#1550=CARTESIAN_POINT('',(0.0826380653365032,-0.126595934262671,0.191806995171983));
#1551=CARTESIAN_POINT('',(0.0760235031296972,-0.126595934262671,0.180563403990088));
#1552=CARTESIAN_POINT('',(0.0706424707373658,-0.126595934262671,0.173842727219331));
#1553=CARTESIAN_POINT('',(-0.0661857470008074,-0.126015693370849,0.168616635474143));
#1554=CARTESIAN_POINT('',(-0.0720639630872033,-0.12601569337085,0.174913048778802));
#1555=CARTESIAN_POINT('',(-0.0795159750917057,-0.12601569337085,0.18562803948315));
#1556=CARTESIAN_POINT('',(-0.0866954943209645,-0.12601569337085,0.202906369947317));
#1557=CARTESIAN_POINT('',(-0.090597690779573,-0.12601569337085,0.219765551797377));
#1558=CARTESIAN_POINT('',(-0.0908876157423287,-0.12601569337085,0.241450518373614));
#1559=CARTESIAN_POINT('',(-0.0848270414797066,-0.12601569337085,0.26534828805588));
#1560=CARTESIAN_POINT('',(-0.0715427452165618,-0.12601569337085,0.287820584599292));
#1561=CARTESIAN_POINT('',(-0.0524680103007152,-0.12601569337085,0.305642459111102));
#1562=CARTESIAN_POINT('',(-0.0291463607078282,-0.12601569337085,0.317371456081466));
#1563=CARTESIAN_POINT('',(-0.00346558862810358,-0.12601569337085,0.322058196423607));
#1564=CARTESIAN_POINT('',(0.0224956926031613,-0.12601569337085,0.319323335096852));
#1565=CARTESIAN_POINT('',(0.0466361652522242,-0.12601569337085,0.309388231174694));
#1566=CARTESIAN_POINT('',(0.0670017594121536,-0.12601569337085,0.293057055536133));
#1567=CARTESIAN_POINT('',(0.0819444714102312,-0.12601569337085,0.271651635725145));
#1568=CARTESIAN_POINT('',(0.089791672552319,-0.12601569337085,0.248279528622554));
#1569=CARTESIAN_POINT('',(0.0911394597728279,-0.12601569337085,0.226634545335317));
#1570=CARTESIAN_POINT('',(0.0885210081582855,-0.12601569337085,0.209528907054409));
#1571=CARTESIAN_POINT('',(0.0826662234689881,-0.12601569337085,0.191757928008948));
#1572=CARTESIAN_POINT('',(0.0760442911560876,-0.12601569337085,0.180510994153319));
#1573=CARTESIAN_POINT('',(0.0706581292890188,-0.12601569337085,0.173788828936429));
#1574=CARTESIAN_POINT('',(-0.0664047596047423,-0.124923118906622,0.168586247170484));
#1575=CARTESIAN_POINT('',(-0.0722858741007575,-0.124923118906623,0.174903500954931));
#1576=CARTESIAN_POINT('',(-0.0797377206622944,-0.124923118906623,0.185650372357813));
#1577=CARTESIAN_POINT('',(-0.0869073078853496,-0.124923118906623,0.202973315050716));
#1578=CARTESIAN_POINT('',(-0.0907936127620121,-0.124923118906623,0.219871666680499));
#1579=CARTESIAN_POINT('',(-0.0910536476892298,-0.124923118906623,0.241600370013721));
#1580=CARTESIAN_POINT('',(-0.0849473850780072,-0.124923118906623,0.265537374894679));
#1581=CARTESIAN_POINT('',(-0.0716049694482823,-0.124923118906623,0.288035908371787));
#1582=CARTESIAN_POINT('',(-0.0524670793800602,-0.124923118906623,0.305866591577591));
#1583=CARTESIAN_POINT('',(-0.0290823497915608,-0.124923118906623,0.31758625557944));
#1584=CARTESIAN_POINT('',(-0.00334367889119278,-0.124923118906623,0.322246276826669));
#1585=CARTESIAN_POINT('',(0.0226656336315496,-0.124923118906623,0.319469472937951));
#1586=CARTESIAN_POINT('',(0.0468403823661053,-0.124923118906623,0.309480597832888));
#1587=CARTESIAN_POINT('',(0.0672237228524582,-0.124923118906623,0.293088174873896));
#1588=CARTESIAN_POINT('',(0.082166215779514,-0.124923118906623,0.271618988382979));
#1589=CARTESIAN_POINT('',(0.08999625672232,-0.124923118906623,0.248189154739049));
#1590=CARTESIAN_POINT('',(0.0913163238339377,-0.124923118906623,0.226499028194297));
#1591=CARTESIAN_POINT('',(0.0886686052401285,-0.124923118906623,0.209362889783145));
#1592=CARTESIAN_POINT('',(0.0827771520927055,-0.124923118906623,0.19156462851126));
#1593=CARTESIAN_POINT('',(0.0761261853356294,-0.124923118906623,0.180304526232725));
#1594=CARTESIAN_POINT('',(0.0707198159646253,-0.124923118906623,0.173576497300222));
#1595=CARTESIAN_POINT('',(-0.0671884623103407,-0.123163052654553,0.168477507329181));
#1596=CARTESIAN_POINT('',(-0.0730799483165785,-0.123163052654554,0.174869335544969));
#1597=CARTESIAN_POINT('',(-0.0805312028660694,-0.123163052654553,0.185730287093235));
#1598=CARTESIAN_POINT('',(-0.0876652499421474,-0.123163052654554,0.203212867741829));
#1599=CARTESIAN_POINT('',(-0.0914946892524285,-0.123163052654554,0.220251382365863));
#1600=CARTESIAN_POINT('',(-0.0916477673136909,-0.123163052654553,0.242136590914622));
#1601=CARTESIAN_POINT('',(-0.0853780160183964,-0.123163052654554,0.266213992881489));
#1602=CARTESIAN_POINT('',(-0.0718276292307647,-0.123163052654554,0.288806411165016));
#1603=CARTESIAN_POINT('',(-0.0524637482245783,-0.123163052654554,0.306668614918917));
#1604=CARTESIAN_POINT('',(-0.0288532966349598,-0.123163052654553,0.318354882337436));
#1605=CARTESIAN_POINT('',(-0.00290744376618449,-0.123163052654554,0.322919293438957));
#1606=CARTESIAN_POINT('',(0.0232737412990869,-0.123163052654554,0.319992404583905));
#1607=CARTESIAN_POINT('',(0.0475711417005122,-0.123163052654554,0.309811117623226));
#1608=CARTESIAN_POINT('',(0.0680179846692913,-0.123163052654554,0.293199530607601));
#1609=CARTESIAN_POINT('',(0.0829596936846022,-0.123163052654554,0.271502164922014));
#1610=CARTESIAN_POINT('',(0.0907283295102405,-0.123163052654553,0.247865765784508));
#1611=CARTESIAN_POINT('',(0.0919492045025588,-0.123163052654554,0.226014101079761));
#1612=CARTESIAN_POINT('',(0.0891967585532276,-0.123163052654553,0.208768822673178));
#1613=CARTESIAN_POINT('',(0.0831740930037471,-0.123163052654554,0.190872936176629));
#1614=CARTESIAN_POINT('',(0.0764192309819823,-0.123163052654553,0.179565712734862));
#1615=CARTESIAN_POINT('',(0.0709405521857538,-0.123163052654553,0.172816701403595));
#1616=CARTESIAN_POINT('',(-0.0692777241376323,-0.121212657224749,0.168187619342426));
#1617=CARTESIAN_POINT('',(-0.0751968594045457,-0.12121265722475,0.174778254467493));
#1618=CARTESIAN_POINT('',(-0.0826465357175958,-0.121212657224749,0.185943330642737));
#1619=CARTESIAN_POINT('',(-0.0896858368244618,-0.121212657224749,0.203851487832829));
#1620=CARTESIAN_POINT('',(-0.0933636790351295,-0.121212657224749,0.221263660977367));
#1621=CARTESIAN_POINT('',(-0.0932316223181005,-0.121212657224749,0.243566094540482));
#1622=CARTESIAN_POINT('',(-0.086526028879624,-0.121212657224749,0.26801777908945));
#1623=CARTESIAN_POINT('',(-0.0724212147584021,-0.121212657224749,0.290860483534824));
#1624=CARTESIAN_POINT('',(-0.0524548677448515,-0.121212657224749,0.308806717466806));
#1625=CARTESIAN_POINT('',(-0.028242667102755,-0.121212657224749,0.320403953411768));
#1626=CARTESIAN_POINT('',(-0.00174449078938245,-0.121212657224749,0.324713478794122));
#1627=CARTESIAN_POINT('',(0.0248948868273506,-0.121212657224749,0.321386480575181));
#1628=CARTESIAN_POINT('',(0.0495192625522163,-0.121212657224749,0.310692245602221));
#1629=CARTESIAN_POINT('',(0.070135395880112,-0.121212657224749,0.293496392264472));
#1630=CARTESIAN_POINT('',(0.0850750150763207,-0.121212657224749,0.271190726929288));
#1631=CARTESIAN_POINT('',(0.0926799518788699,-0.121212657224749,0.247003647798612));
#1632=CARTESIAN_POINT('',(0.0936363920198855,-0.121212657224749,0.224721340824909));
#1633=CARTESIAN_POINT('',(0.0906047549122209,-0.121212657224749,0.207185107666407));
#1634=CARTESIAN_POINT('',(0.0842322920978745,-0.121212657224749,0.189028963480541));
#1635=CARTESIAN_POINT('',(0.0772004571768204,-0.121212657224749,0.177596120404066));
#1636=CARTESIAN_POINT('',(0.071529009718706,-0.121212657224749,0.170791172396211));
#1637=CARTESIAN_POINT('',(-0.0724117270483445,-0.120368671387625,0.167752772076083));
#1638=CARTESIAN_POINT('',(-0.0783723376642568,-0.120368671387626,0.174641628048442));
#1639=CARTESIAN_POINT('',(-0.0858196465394229,-0.120368671387625,0.186262907201081));
#1640=CARTESIAN_POINT('',(-0.09271682369638,-0.120368671387625,0.204809451644685));
#1641=CARTESIAN_POINT('',(-0.0961672622636951,-0.120368671387625,0.222782132273527));
#1642=CARTESIAN_POINT('',(-0.0956074883436628,-0.120368671387625,0.24571042535905));
#1643=CARTESIAN_POINT('',(-0.0882481087078316,-0.120368671387625,0.270723553517628));
#1644=CARTESIAN_POINT('',(-0.0733116243504753,-0.120368671387625,0.29394170040372));
#1645=CARTESIAN_POINT('',(-0.0524415465569809,-0.120368671387625,0.312013984033857));
#1646=CARTESIAN_POINT('',(-0.0273266906050763,-0.120368671387625,0.323477668073723));
#1647=CARTESIAN_POINT('',(2.11878515492085E-16,-0.120368671387625,0.327404851436839));
#1648=CARTESIAN_POINT('',(0.0273266906050766,-0.120368671387625,0.323477668073723));
#1649=CARTESIAN_POINT('',(0.0524415465569812,-0.120368671387625,0.312013984033857));
#1650=CARTESIAN_POINT('',(0.0733116243504755,-0.120368671387625,0.29394170040372));
#1651=CARTESIAN_POINT('',(0.0882481087078318,-0.120368671387625,0.270723553517627));
#1652=CARTESIAN_POINT('',(0.0956074883436628,-0.120368671387625,0.24571042535905));
#1653=CARTESIAN_POINT('',(0.0961672622636952,-0.120368671387625,0.222782132273526));
#1654=CARTESIAN_POINT('',(0.0927168236963799,-0.120368671387625,0.204809451644684));
#1655=CARTESIAN_POINT('',(0.085819646539423,-0.120368671387625,0.186262907201082));
#1656=CARTESIAN_POINT('',(0.0783723376642563,-0.120368671387625,0.174641628048441));
#1657=CARTESIAN_POINT('',(0.0724117270483447,-0.120368671387625,0.167752772076083));
#1658=CARTESIAN_POINT('',(-0.0755457299590566,-0.121212657224749,0.16731792480974));
#1659=CARTESIAN_POINT('',(-0.0815478159239676,-0.12121265722475,0.174505001629392));
#1660=CARTESIAN_POINT('',(-0.0889927573612496,-0.121212657224749,0.186582483759426));
#1661=CARTESIAN_POINT('',(-0.0957478105682979,-0.121212657224749,0.20576741545654));
#1662=CARTESIAN_POINT('',(-0.0989708454922603,-0.121212657224749,0.224300603569687));
#1663=CARTESIAN_POINT('',(-0.0979833543692247,-0.121212657224749,0.247854756177618));
#1664=CARTESIAN_POINT('',(-0.0899701885360388,-0.121212657224749,0.273429327945805));
#1665=CARTESIAN_POINT('',(-0.0742020339425481,-0.121212657224749,0.297022917272617));
#1666=CARTESIAN_POINT('',(-0.0524282253691102,-0.121212657224749,0.315221250600908));
#1667=CARTESIAN_POINT('',(-0.0264107141073974,-0.121212657224749,0.326551382735679));
#1668=CARTESIAN_POINT('',(0.00174449078938287,-0.121212657224749,0.330096224079556));
#1669=CARTESIAN_POINT('',(0.0297584943828026,-0.121212657224749,0.325568855572265));
#1670=CARTESIAN_POINT('',(0.0553638305617459,-0.121212657224749,0.313335722465493));
#1671=CARTESIAN_POINT('',(0.0764878528208386,-0.121212657224749,0.294387008542968));
#1672=CARTESIAN_POINT('',(0.0914212023393426,-0.121212657224749,0.270256380105966));
#1673=CARTESIAN_POINT('',(0.0985350248084555,-0.121212657224749,0.244417202919487));
#1674=CARTESIAN_POINT('',(0.0986981325075045,-0.121212657224749,0.220842923722144));
#1675=CARTESIAN_POINT('',(0.0948288924805386,-0.121212657224749,0.202433795622962));
#1676=CARTESIAN_POINT('',(0.0874070009809709,-0.121212657224749,0.183496850921622));
#1677=CARTESIAN_POINT('',(0.0795442181516921,-0.121212657224749,0.171687135692816));
#1678=CARTESIAN_POINT('',(0.0732944443779832,-0.121212657224749,0.164714371755955));
#1679=CARTESIAN_POINT('',(-0.0776349917863483,-0.123163052654553,0.167028036822984));
#1680=CARTESIAN_POINT('',(-0.0836647270119351,-0.123163052654554,0.174413920551915));
#1681=CARTESIAN_POINT('',(-0.0911080902127763,-0.123163052654553,0.186795527308928));
#1682=CARTESIAN_POINT('',(-0.0977683974506126,-0.123163052654554,0.20640603554754));
#1683=CARTESIAN_POINT('',(-0.100839835274962,-0.123163052654553,0.225312882181191));
#1684=CARTESIAN_POINT('',(-0.0995672093736347,-0.123163052654553,0.249284259803477));
#1685=CARTESIAN_POINT('',(-0.0911182013972669,-0.123163052654554,0.275233114153767));
#1686=CARTESIAN_POINT('',(-0.0747956194701858,-0.123163052654553,0.299076989642425));
#1687=CARTESIAN_POINT('',(-0.0524193448893835,-0.123163052654553,0.317359353148798));
#1688=CARTESIAN_POINT('',(-0.0258000845751928,-0.123163052654553,0.32860045381001));
#1689=CARTESIAN_POINT('',(0.00290744376618491,-0.123163052654553,0.331890409434721));
#1690=CARTESIAN_POINT('',(0.0313796399110663,-0.123163052654554,0.326962931563542));
#1691=CARTESIAN_POINT('',(0.0573119514134502,-0.123163052654554,0.314216850444488));
#1692=CARTESIAN_POINT('',(0.0786052640316595,-0.123163052654554,0.29468387019984));
#1693=CARTESIAN_POINT('',(0.0935365237310614,-0.123163052654554,0.26994494211324));
#1694=CARTESIAN_POINT('',(0.100486647177085,-0.123163052654553,0.243555084933591));
#1695=CARTESIAN_POINT('',(0.100385320024832,-0.123163052654554,0.219550163467292));
#1696=CARTESIAN_POINT('',(0.0962368888395321,-0.123163052654553,0.20085008061619));
#1697=CARTESIAN_POINT('',(0.0884652000750988,-0.123163052654553,0.181652878225534));
#1698=CARTESIAN_POINT('',(0.0803254443465305,-0.123163052654553,0.16971754336202));
#1699=CARTESIAN_POINT('',(0.0738829019109356,-0.123163052654553,0.162688842748571));
#1700=CARTESIAN_POINT('',(-0.0784186944919465,-0.124923118906622,0.166919296981681));
#1701=CARTESIAN_POINT('',(-0.0844588012277558,-0.124923118906623,0.174379755141953));
#1702=CARTESIAN_POINT('',(-0.091901572416551,-0.124923118906623,0.18687544204435));
#1703=CARTESIAN_POINT('',(-0.09852633950741,-0.124923118906623,0.206645588238653));
#1704=CARTESIAN_POINT('',(-0.101540911765378,-0.124923118906623,0.225692597866554));
#1705=CARTESIAN_POINT('',(-0.100161328998095,-0.124923118906623,0.249820480704379));
#1706=CARTESIAN_POINT('',(-0.0915488323376557,-0.124923118906623,0.275909732140576));
#1707=CARTESIAN_POINT('',(-0.0750182792526679,-0.124923118906623,0.299847492435653));
#1708=CARTESIAN_POINT('',(-0.0524160137339015,-0.124923118906623,0.318161376490122));
#1709=CARTESIAN_POINT('',(-0.0255710314185916,-0.124923118906623,0.329369080568007));
#1710=CARTESIAN_POINT('',(0.0033436788911932,-0.124923118906623,0.33256342604701));
#1711=CARTESIAN_POINT('',(0.0319877475786036,-0.124923118906623,0.327485863209495));
#1712=CARTESIAN_POINT('',(0.0580427107478569,-0.124923118906623,0.314547370234825));
#1713=CARTESIAN_POINT('',(0.0793995258484924,-0.124923118906623,0.294795225933544));
#1714=CARTESIAN_POINT('',(0.0943300016361493,-0.124923118906623,0.269828118652276));
#1715=CARTESIAN_POINT('',(0.101218719965005,-0.124923118906623,0.24323169597905));
#1716=CARTESIAN_POINT('',(0.101018200693452,-0.124923118906623,0.219065236352756));
#1717=CARTESIAN_POINT('',(0.096765042152631,-0.124923118906623,0.200256013506223));
#1718=CARTESIAN_POINT('',(0.0888621409861398,-0.124923118906623,0.180961185890904));
#1719=CARTESIAN_POINT('',(0.080618489992883,-0.124923118906623,0.168978729864158));
#1720=CARTESIAN_POINT('',(0.0741036381320638,-0.124923118906623,0.161929046851944));
#1721=CARTESIAN_POINT('',(-0.0786377070958813,-0.126015693370849,0.166888908678023));
#1722=CARTESIAN_POINT('',(-0.0846807122413099,-0.12601569337085,0.174370207318082));
#1723=CARTESIAN_POINT('',(-0.0921233179871396,-0.12601569337085,0.186897774919013));
#1724=CARTESIAN_POINT('',(-0.0987381530717952,-0.12601569337085,0.206712533342052));
#1725=CARTESIAN_POINT('',(-0.101736833747817,-0.12601569337085,0.225798712749676));
#1726=CARTESIAN_POINT('',(-0.100327360944996,-0.12601569337085,0.249970332344486));
#1727=CARTESIAN_POINT('',(-0.0916691759359564,-0.12601569337085,0.276098818979376));
#1728=CARTESIAN_POINT('',(-0.0750805034843884,-0.12601569337085,0.300062816208148));
#1729=CARTESIAN_POINT('',(-0.0524150828132465,-0.12601569337085,0.318385508956612));
#1730=CARTESIAN_POINT('',(-0.0255070205023242,-0.12601569337085,0.32958388006598));
#1731=CARTESIAN_POINT('',(0.00346558862810401,-0.12601569337085,0.332751506450071));
#1732=CARTESIAN_POINT('',(0.0321576886069918,-0.12601569337085,0.327632001050594));
#1733=CARTESIAN_POINT('',(0.058246927861738,-0.12601569337085,0.314639736893019));
#1734=CARTESIAN_POINT('',(0.079621489288797,-0.12601569337085,0.294826345271308));
#1735=CARTESIAN_POINT('',(0.094551746005432,-0.12601569337085,0.269795471310109));
#1736=CARTESIAN_POINT('',(0.101423304135006,-0.12601569337085,0.243141322095545));
#1737=CARTESIAN_POINT('',(0.101195064754562,-0.12601569337085,0.218929719211735));
#1738=CARTESIAN_POINT('',(0.0969126392344739,-0.12601569337085,0.200089996234959));
#1739=CARTESIAN_POINT('',(0.0889730696098574,-0.12601569337085,0.180767886393215));
#1740=CARTESIAN_POINT('',(0.0807003841724248,-0.12601569337085,0.168772261943564));
#1741=CARTESIAN_POINT('',(0.0741653248076704,-0.12601569337085,0.161716715215738));
#1742=CARTESIAN_POINT('',(-0.0786933012762728,-0.126595934262671,0.166881194908107));
#1743=CARTESIAN_POINT('',(-0.0847370421542771,-0.126595934262672,0.174367783697555));
#1744=CARTESIAN_POINT('',(-0.0921796059040486,-0.126595934262671,0.18690344389806));
#1745=CARTESIAN_POINT('',(-0.0987919198472967,-0.126595934262671,0.20672952669352));
#1746=CARTESIAN_POINT('',(-0.101786566602633,-0.126595934262671,0.225825648961786));
#1747=CARTESIAN_POINT('',(-0.100369506510324,-0.126595934262671,0.250008370699186));
#1748=CARTESIAN_POINT('',(-0.0916997239664927,-0.126595934262671,0.276146816800674));
#1749=CARTESIAN_POINT('',(-0.075096298489337,-0.126595934262671,0.300117474015213));
#1750=CARTESIAN_POINT('',(-0.0524148465082579,-0.126595934262671,0.318442402763406));
#1751=CARTESIAN_POINT('',(-0.0254907719651986,-0.126595934262671,0.32963840479115));
#1752=CARTESIAN_POINT('',(0.00349653420741564,-0.126595934262671,0.332799248797625));
#1753=CARTESIAN_POINT('',(0.0322008264539394,-0.126595934262671,0.327669096694197));
#1754=CARTESIAN_POINT('',(0.058298766353515,-0.126595934262671,0.314663183254396));
#1755=CARTESIAN_POINT('',(0.0796778325097755,-0.126595934262671,0.294834244606991));
#1756=CARTESIAN_POINT('',(0.0946080336174015,-0.126595934262671,0.269787184105642));
#1757=CARTESIAN_POINT('',(0.101475235800344,-0.126595934262671,0.243118381580287));
#1758=CARTESIAN_POINT('',(0.1012399599448,-0.126595934262671,0.218895319527659));
#1759=CARTESIAN_POINT('',(0.0969501052918871,-0.126595934262671,0.200047854394896));
#1760=CARTESIAN_POINT('',(0.0890012277423423,-0.126595934262671,0.18071881923018));
#1761=CARTESIAN_POINT('',(0.0807211721988152,-0.126595934262671,0.168719852106795));
#1762=CARTESIAN_POINT('',(0.0741809833593234,-0.126595934262671,0.161662816932835));
#1763=CARTESIAN_POINT('',(-0.0787055555117081,-0.126999999999999,0.166879494615883));
#1764=CARTESIAN_POINT('',(-0.0847494585620863,-0.127,0.174367249475873));
#1765=CARTESIAN_POINT('',(-0.092192013054961,-0.127,0.186904693471368));
#1766=CARTESIAN_POINT('',(-0.0988037712806834,-0.127,0.206733272418851));
#1767=CARTESIAN_POINT('',(-0.101797528867163,-0.127,0.225831586322183));
#1768=CARTESIAN_POINT('',(-0.100378796361824,-0.127,0.25001675522704));
#1769=CARTESIAN_POINT('',(-0.0917064574547041,-0.127,0.27615739662393));
#1770=CARTESIAN_POINT('',(-0.0750997800715455,-0.127,0.30012952185244));
#1771=CARTESIAN_POINT('',(-0.052414794421206,-0.127,0.318454943466378));
#1772=CARTESIAN_POINT('',(-0.025487190414072,-0.127,0.329650423294069));
#1773=CARTESIAN_POINT('',(0.00350335532451628,-0.127,0.332809772308594));
#1774=CARTESIAN_POINT('',(0.03221033502712,-0.127,0.327677273426854));
#1775=CARTESIAN_POINT('',(0.0583101927488386,-0.127,0.314668351371461));
#1776=CARTESIAN_POINT('',(0.0796902518509763,-0.127,0.294835985802177));
#1777=CARTESIAN_POINT('',(0.0946204407010981,-0.127,0.269785357415259));
#1778=CARTESIAN_POINT('',(0.101486682733262,-0.127,0.243113324963336));
#1779=CARTESIAN_POINT('',(0.101249855876842,-0.127,0.21888773704646));
#1780=CARTESIAN_POINT('',(0.0969583636722633,-0.127,0.200038565364531));
#1781=CARTESIAN_POINT('',(0.0890074344420808,-0.127,0.180708003699422));
#1782=CARTESIAN_POINT('',(0.080725754357736,-0.127,0.1687082997739));
#1783=CARTESIAN_POINT('',(0.0741844348640886,-0.127,0.161650936512194));
#1784=CARTESIAN_POINT('',(-0.0786933012762728,-0.127404065737328,0.166881194908107));
#1785=CARTESIAN_POINT('',(-0.0847370421542771,-0.127404065737329,0.174367783697555));
#1786=CARTESIAN_POINT('',(-0.0921796059040486,-0.127404065737328,0.18690344389806));
#1787=CARTESIAN_POINT('',(-0.0987919198472966,-0.127404065737329,0.20672952669352));
#1788=CARTESIAN_POINT('',(-0.101786566602633,-0.127404065737329,0.225825648961786));
#1789=CARTESIAN_POINT('',(-0.100369506510324,-0.127404065737329,0.250008370699186));
#1790=CARTESIAN_POINT('',(-0.0916997239664927,-0.127404065737329,0.276146816800674));
#1791=CARTESIAN_POINT('',(-0.075096298489337,-0.127404065737329,0.300117474015213));
#1792=CARTESIAN_POINT('',(-0.0524148465082579,-0.127404065737329,0.318442402763405));
#1793=CARTESIAN_POINT('',(-0.0254907719651986,-0.127404065737329,0.32963840479115));
#1794=CARTESIAN_POINT('',(0.00349653420741564,-0.127404065737329,0.332799248797625));
#1795=CARTESIAN_POINT('',(0.0322008264539394,-0.127404065737329,0.327669096694197));
#1796=CARTESIAN_POINT('',(0.0582987663535149,-0.127404065737329,0.314663183254396));
#1797=CARTESIAN_POINT('',(0.0796778325097755,-0.127404065737329,0.29483424460699));
#1798=CARTESIAN_POINT('',(0.0946080336174015,-0.127404065737329,0.269787184105642));
#1799=CARTESIAN_POINT('',(0.101475235800344,-0.127404065737329,0.243118381580287));
#1800=CARTESIAN_POINT('',(0.1012399599448,-0.127404065737329,0.218895319527659));
#1801=CARTESIAN_POINT('',(0.0969501052918871,-0.127404065737329,0.200047854394896));
#1802=CARTESIAN_POINT('',(0.0890012277423423,-0.127404065737329,0.18071881923018));
#1803=CARTESIAN_POINT('',(0.0807211721988152,-0.127404065737329,0.168719852106795));
#1804=CARTESIAN_POINT('',(0.0741809833593234,-0.127404065737329,0.161662816932835));
#1805=CARTESIAN_POINT('',(-0.0786377070958814,-0.127984306629149,0.166888908678023));
#1806=CARTESIAN_POINT('',(-0.08468071224131,-0.12798430662915,0.174370207318082));
#1807=CARTESIAN_POINT('',(-0.0921233179871397,-0.12798430662915,0.186897774919013));
#1808=CARTESIAN_POINT('',(-0.0987381530717952,-0.12798430662915,0.206712533342052));
#1809=CARTESIAN_POINT('',(-0.101736833747817,-0.12798430662915,0.225798712749676));
#1810=CARTESIAN_POINT('',(-0.100327360944996,-0.12798430662915,0.249970332344486));
#1811=CARTESIAN_POINT('',(-0.0916691759359564,-0.12798430662915,0.276098818979376));
#1812=CARTESIAN_POINT('',(-0.0750805034843884,-0.12798430662915,0.300062816208148));
#1813=CARTESIAN_POINT('',(-0.0524150828132465,-0.12798430662915,0.318385508956612));
#1814=CARTESIAN_POINT('',(-0.0255070205023242,-0.12798430662915,0.32958388006598));
#1815=CARTESIAN_POINT('',(0.00346558862810401,-0.12798430662915,0.332751506450071));
#1816=CARTESIAN_POINT('',(0.0321576886069918,-0.12798430662915,0.327632001050594));
#1817=CARTESIAN_POINT('',(0.058246927861738,-0.12798430662915,0.31463973689302));
#1818=CARTESIAN_POINT('',(0.0796214892887971,-0.12798430662915,0.294826345271308));
#1819=CARTESIAN_POINT('',(0.094551746005432,-0.12798430662915,0.269795471310109));
#1820=CARTESIAN_POINT('',(0.101423304135006,-0.12798430662915,0.243141322095545));
#1821=CARTESIAN_POINT('',(0.101195064754562,-0.12798430662915,0.218929719211735));
#1822=CARTESIAN_POINT('',(0.0969126392344739,-0.12798430662915,0.200089996234959));
#1823=CARTESIAN_POINT('',(0.0889730696098574,-0.12798430662915,0.180767886393215));
#1824=CARTESIAN_POINT('',(0.0807003841724248,-0.12798430662915,0.168772261943564));
#1825=CARTESIAN_POINT('',(0.0741653248076704,-0.12798430662915,0.161716715215738));
#1826=CARTESIAN_POINT('',(-0.0784186944919465,-0.129076881093376,0.166919296981681));
#1827=CARTESIAN_POINT('',(-0.0844588012277557,-0.129076881093377,0.174379755141953));
#1828=CARTESIAN_POINT('',(-0.091901572416551,-0.129076881093377,0.18687544204435));
#1829=CARTESIAN_POINT('',(-0.0985263395074099,-0.129076881093377,0.206645588238653));
#1830=CARTESIAN_POINT('',(-0.101540911765378,-0.129076881093377,0.225692597866554));
#1831=CARTESIAN_POINT('',(-0.100161328998095,-0.129076881093377,0.249820480704379));
#1832=CARTESIAN_POINT('',(-0.0915488323376557,-0.129076881093377,0.275909732140576));
#1833=CARTESIAN_POINT('',(-0.0750182792526679,-0.129076881093377,0.299847492435653));
#1834=CARTESIAN_POINT('',(-0.0524160137339015,-0.129076881093377,0.318161376490122));
#1835=CARTESIAN_POINT('',(-0.0255710314185916,-0.129076881093377,0.329369080568007));
#1836=CARTESIAN_POINT('',(0.0033436788911932,-0.129076881093377,0.33256342604701));
#1837=CARTESIAN_POINT('',(0.0319877475786036,-0.129076881093377,0.327485863209495));
#1838=CARTESIAN_POINT('',(0.0580427107478569,-0.129076881093377,0.314547370234825));
#1839=CARTESIAN_POINT('',(0.0793995258484924,-0.129076881093377,0.294795225933544));
#1840=CARTESIAN_POINT('',(0.0943300016361492,-0.129076881093377,0.269828118652276));
#1841=CARTESIAN_POINT('',(0.101218719965005,-0.129076881093377,0.243231695979049));
#1842=CARTESIAN_POINT('',(0.101018200693452,-0.129076881093377,0.219065236352756));
#1843=CARTESIAN_POINT('',(0.096765042152631,-0.129076881093377,0.200256013506223));
#1844=CARTESIAN_POINT('',(0.0888621409861398,-0.129076881093377,0.180961185890904));
#1845=CARTESIAN_POINT('',(0.080618489992883,-0.129076881093377,0.168978729864158));
#1846=CARTESIAN_POINT('',(0.0741036381320638,-0.129076881093377,0.161929046851944));
#1847=CARTESIAN_POINT('',(-0.0776349917863483,-0.130836947345446,0.167028036822984));
#1848=CARTESIAN_POINT('',(-0.0836647270119351,-0.130836947345447,0.174413920551915));
#1849=CARTESIAN_POINT('',(-0.0911080902127763,-0.130836947345446,0.186795527308928));
#1850=CARTESIAN_POINT('',(-0.0977683974506127,-0.130836947345447,0.206406035547541));
#1851=CARTESIAN_POINT('',(-0.100839835274962,-0.130836947345447,0.225312882181191));
#1852=CARTESIAN_POINT('',(-0.0995672093736347,-0.130836947345447,0.249284259803477));
#1853=CARTESIAN_POINT('',(-0.0911182013972669,-0.130836947345447,0.275233114153767));
#1854=CARTESIAN_POINT('',(-0.0747956194701858,-0.130836947345447,0.299076989642425));
#1855=CARTESIAN_POINT('',(-0.0524193448893835,-0.130836947345447,0.317359353148798));
#1856=CARTESIAN_POINT('',(-0.0258000845751928,-0.130836947345447,0.328600453810011));
#1857=CARTESIAN_POINT('',(0.00290744376618491,-0.130836947345447,0.331890409434722));
#1858=CARTESIAN_POINT('',(0.0313796399110663,-0.130836947345447,0.326962931563542));
#1859=CARTESIAN_POINT('',(0.0573119514134503,-0.130836947345447,0.314216850444488));
#1860=CARTESIAN_POINT('',(0.0786052640316596,-0.130836947345447,0.29468387019984));
#1861=CARTESIAN_POINT('',(0.0935365237310614,-0.130836947345447,0.26994494211324));
#1862=CARTESIAN_POINT('',(0.100486647177085,-0.130836947345447,0.243555084933592));
#1863=CARTESIAN_POINT('',(0.100385320024832,-0.130836947345447,0.219550163467292));
#1864=CARTESIAN_POINT('',(0.0962368888395321,-0.130836947345447,0.20085008061619));
#1865=CARTESIAN_POINT('',(0.0884652000750988,-0.130836947345447,0.181652878225534));
#1866=CARTESIAN_POINT('',(0.0803254443465306,-0.130836947345447,0.16971754336202));
#1867=CARTESIAN_POINT('',(0.0738829019109356,-0.130836947345447,0.162688842748571));
#1868=CARTESIAN_POINT('',(-0.0755457299590566,-0.13278734277525,0.16731792480974));
#1869=CARTESIAN_POINT('',(-0.0815478159239676,-0.132787342775251,0.174505001629392));
#1870=CARTESIAN_POINT('',(-0.0889927573612496,-0.13278734277525,0.186582483759426));
#1871=CARTESIAN_POINT('',(-0.0957478105682979,-0.132787342775251,0.20576741545654));
#1872=CARTESIAN_POINT('',(-0.0989708454922603,-0.132787342775251,0.224300603569687));
#1873=CARTESIAN_POINT('',(-0.0979833543692247,-0.13278734277525,0.247854756177618));
#1874=CARTESIAN_POINT('',(-0.0899701885360389,-0.132787342775251,0.273429327945805));
#1875=CARTESIAN_POINT('',(-0.0742020339425481,-0.132787342775251,0.297022917272617));
#1876=CARTESIAN_POINT('',(-0.0524282253691102,-0.132787342775251,0.315221250600908));
#1877=CARTESIAN_POINT('',(-0.0264107141073974,-0.132787342775251,0.326551382735679));
#1878=CARTESIAN_POINT('',(0.00174449078938287,-0.132787342775251,0.330096224079556));
#1879=CARTESIAN_POINT('',(0.0297584943828026,-0.13278734277525,0.325568855572265));
#1880=CARTESIAN_POINT('',(0.0553638305617459,-0.132787342775251,0.313335722465493));
#1881=CARTESIAN_POINT('',(0.0764878528208386,-0.13278734277525,0.294387008542968));
#1882=CARTESIAN_POINT('',(0.0914212023393425,-0.132787342775251,0.270256380105966));
#1883=CARTESIAN_POINT('',(0.0985350248084555,-0.13278734277525,0.244417202919487));
#1884=CARTESIAN_POINT('',(0.0986981325075044,-0.132787342775251,0.220842923722144));
#1885=CARTESIAN_POINT('',(0.0948288924805386,-0.132787342775251,0.202433795622962));
#1886=CARTESIAN_POINT('',(0.0874070009809709,-0.13278734277525,0.183496850921622));
#1887=CARTESIAN_POINT('',(0.0795442181516921,-0.13278734277525,0.171687135692816));
#1888=CARTESIAN_POINT('',(0.0732944443779832,-0.132787342775251,0.164714371755955));
#1889=CARTESIAN_POINT('',(-0.0724117270483445,-0.133631328612374,0.167752772076083));
#1890=CARTESIAN_POINT('',(-0.0783723376642568,-0.133631328612375,0.174641628048442));
#1891=CARTESIAN_POINT('',(-0.0858196465394229,-0.133631328612375,0.186262907201081));
#1892=CARTESIAN_POINT('',(-0.09271682369638,-0.133631328612375,0.204809451644685));
#1893=CARTESIAN_POINT('',(-0.0961672622636951,-0.133631328612375,0.222782132273527));
#1894=CARTESIAN_POINT('',(-0.0956074883436628,-0.133631328612375,0.24571042535905));
#1895=CARTESIAN_POINT('',(-0.0882481087078316,-0.133631328612375,0.270723553517628));
#1896=CARTESIAN_POINT('',(-0.0733116243504752,-0.133631328612375,0.29394170040372));
#1897=CARTESIAN_POINT('',(-0.0524415465569809,-0.133631328612375,0.312013984033857));
#1898=CARTESIAN_POINT('',(-0.0273266906050763,-0.133631328612375,0.323477668073723));
#1899=CARTESIAN_POINT('',(2.11921714172395E-16,-0.133631328612375,0.327404851436839));
#1900=CARTESIAN_POINT('',(0.0273266906050766,-0.133631328612375,0.323477668073723));
#1901=CARTESIAN_POINT('',(0.0524415465569812,-0.133631328612375,0.312013984033857));
#1902=CARTESIAN_POINT('',(0.0733116243504755,-0.133631328612375,0.29394170040372));
#1903=CARTESIAN_POINT('',(0.0882481087078318,-0.133631328612375,0.270723553517627));
#1904=CARTESIAN_POINT('',(0.0956074883436628,-0.133631328612375,0.24571042535905));
#1905=CARTESIAN_POINT('',(0.0961672622636952,-0.133631328612375,0.222782132273526));
#1906=CARTESIAN_POINT('',(0.0927168236963798,-0.133631328612375,0.204809451644684));
#1907=CARTESIAN_POINT('',(0.0858196465394229,-0.133631328612375,0.186262907201082));
#1908=CARTESIAN_POINT('',(0.0783723376642563,-0.133631328612375,0.174641628048441));
#1909=CARTESIAN_POINT('',(0.0724117270483447,-0.133631328612375,0.167752772076083));
#1910=CARTESIAN_POINT('',(-0.0692777241376323,-0.13278734277525,0.168187619342426));
#1911=CARTESIAN_POINT('',(-0.0751968594045457,-0.132787342775251,0.174778254467493));
#1912=CARTESIAN_POINT('',(-0.0826465357175958,-0.13278734277525,0.185943330642737));
#1913=CARTESIAN_POINT('',(-0.0896858368244618,-0.132787342775251,0.203851487832829));
#1914=CARTESIAN_POINT('',(-0.0933636790351295,-0.132787342775251,0.221263660977367));
#1915=CARTESIAN_POINT('',(-0.0932316223181005,-0.132787342775251,0.243566094540482));
#1916=CARTESIAN_POINT('',(-0.086526028879624,-0.132787342775251,0.26801777908945));
#1917=CARTESIAN_POINT('',(-0.072421214758402,-0.132787342775251,0.290860483534824));
#1918=CARTESIAN_POINT('',(-0.0524548677448515,-0.132787342775251,0.308806717466806));
#1919=CARTESIAN_POINT('',(-0.028242667102755,-0.132787342775251,0.320403953411768));
#1920=CARTESIAN_POINT('',(-0.00174449078938245,-0.132787342775251,0.324713478794122));
#1921=CARTESIAN_POINT('',(0.0248948868273506,-0.132787342775251,0.321386480575181));
#1922=CARTESIAN_POINT('',(0.0495192625522163,-0.132787342775251,0.310692245602221));
#1923=CARTESIAN_POINT('',(0.070135395880112,-0.132787342775251,0.293496392264472));
#1924=CARTESIAN_POINT('',(0.0850750150763207,-0.132787342775251,0.271190726929288));
#1925=CARTESIAN_POINT('',(0.0926799518788699,-0.132787342775251,0.247003647798612));
#1926=CARTESIAN_POINT('',(0.0936363920198855,-0.132787342775251,0.224721340824909));
#1927=CARTESIAN_POINT('',(0.0906047549122209,-0.132787342775251,0.207185107666407));
#1928=CARTESIAN_POINT('',(0.0842322920978744,-0.13278734277525,0.189028963480541));
#1929=CARTESIAN_POINT('',(0.0772004571768204,-0.132787342775251,0.177596120404066));
#1930=CARTESIAN_POINT('',(0.071529009718706,-0.132787342775251,0.170791172396211));
#1931=CARTESIAN_POINT('',(-0.0671884623103407,-0.130836947345446,0.168477507329181));
#1932=CARTESIAN_POINT('',(-0.0730799483165785,-0.130836947345447,0.174869335544969));
#1933=CARTESIAN_POINT('',(-0.0805312028660694,-0.130836947345447,0.185730287093235));
#1934=CARTESIAN_POINT('',(-0.0876652499421474,-0.130836947345447,0.203212867741829));
#1935=CARTESIAN_POINT('',(-0.0914946892524285,-0.130836947345447,0.220251382365863));
#1936=CARTESIAN_POINT('',(-0.0916477673136909,-0.130836947345447,0.242136590914623));
#1937=CARTESIAN_POINT('',(-0.0853780160183964,-0.130836947345447,0.266213992881489));
#1938=CARTESIAN_POINT('',(-0.0718276292307647,-0.130836947345447,0.288806411165016));
#1939=CARTESIAN_POINT('',(-0.0524637482245783,-0.130836947345447,0.306668614918917));
#1940=CARTESIAN_POINT('',(-0.0288532966349598,-0.130836947345447,0.318354882337436));
#1941=CARTESIAN_POINT('',(-0.00290744376618449,-0.130836947345447,0.322919293438957));
#1942=CARTESIAN_POINT('',(0.0232737412990869,-0.130836947345447,0.319992404583905));
#1943=CARTESIAN_POINT('',(0.0475711417005122,-0.130836947345447,0.309811117623226));
#1944=CARTESIAN_POINT('',(0.0680179846692914,-0.130836947345447,0.293199530607601));
#1945=CARTESIAN_POINT('',(0.0829596936846022,-0.130836947345447,0.271502164922014));
#1946=CARTESIAN_POINT('',(0.0907283295102405,-0.130836947345447,0.247865765784508));
#1947=CARTESIAN_POINT('',(0.0919492045025588,-0.130836947345447,0.226014101079761));
#1948=CARTESIAN_POINT('',(0.0891967585532276,-0.130836947345447,0.208768822673178));
#1949=CARTESIAN_POINT('',(0.0831740930037471,-0.130836947345447,0.190872936176629));
#1950=CARTESIAN_POINT('',(0.0764192309819822,-0.130836947345447,0.179565712734862));
#1951=CARTESIAN_POINT('',(0.0709405521857538,-0.130836947345447,0.172816701403595));
#1952=CARTESIAN_POINT('',(-0.0664047596047423,-0.129076881093376,0.168586247170484));
#1953=CARTESIAN_POINT('',(-0.0722858741007575,-0.129076881093377,0.174903500954931));
#1954=CARTESIAN_POINT('',(-0.0797377206622944,-0.129076881093377,0.185650372357813));
#1955=CARTESIAN_POINT('',(-0.0869073078853496,-0.129076881093377,0.202973315050716));
#1956=CARTESIAN_POINT('',(-0.0907936127620121,-0.129076881093377,0.219871666680499));
#1957=CARTESIAN_POINT('',(-0.0910536476892298,-0.129076881093377,0.241600370013721));
#1958=CARTESIAN_POINT('',(-0.0849473850780073,-0.129076881093377,0.265537374894679));
#1959=CARTESIAN_POINT('',(-0.0716049694482822,-0.129076881093377,0.288035908371787));
#1960=CARTESIAN_POINT('',(-0.0524670793800602,-0.129076881093377,0.305866591577591));
#1961=CARTESIAN_POINT('',(-0.0290823497915609,-0.129076881093377,0.31758625557944));
#1962=CARTESIAN_POINT('',(-0.00334367889119278,-0.129076881093377,0.322246276826669));
#1963=CARTESIAN_POINT('',(0.0226656336315496,-0.129076881093377,0.319469472937951));
#1964=CARTESIAN_POINT('',(0.0468403823661053,-0.129076881093377,0.309480597832888));
#1965=CARTESIAN_POINT('',(0.0672237228524582,-0.129076881093377,0.293088174873896));
#1966=CARTESIAN_POINT('',(0.0821662157795141,-0.129076881093377,0.271618988382979));
#1967=CARTESIAN_POINT('',(0.08999625672232,-0.129076881093377,0.24818915473905));
#1968=CARTESIAN_POINT('',(0.0913163238339377,-0.129076881093377,0.226499028194297));
#1969=CARTESIAN_POINT('',(0.0886686052401285,-0.129076881093377,0.209362889783145));
#1970=CARTESIAN_POINT('',(0.0827771520927055,-0.129076881093377,0.19156462851126));
#1971=CARTESIAN_POINT('',(0.0761261853356294,-0.129076881093377,0.180304526232725));
#1972=CARTESIAN_POINT('',(0.0707198159646253,-0.129076881093377,0.173576497300222));
#1973=CARTESIAN_POINT('',(-0.0661857470008074,-0.127984306629149,0.168616635474143));
#1974=CARTESIAN_POINT('',(-0.0720639630872033,-0.12798430662915,0.174913048778802));
#1975=CARTESIAN_POINT('',(-0.0795159750917057,-0.12798430662915,0.18562803948315));
#1976=CARTESIAN_POINT('',(-0.0866954943209645,-0.12798430662915,0.202906369947317));
#1977=CARTESIAN_POINT('',(-0.090597690779573,-0.12798430662915,0.219765551797377));
#1978=CARTESIAN_POINT('',(-0.0908876157423287,-0.12798430662915,0.241450518373614));
#1979=CARTESIAN_POINT('',(-0.0848270414797065,-0.12798430662915,0.26534828805588));
#1980=CARTESIAN_POINT('',(-0.0715427452165618,-0.12798430662915,0.287820584599292));
#1981=CARTESIAN_POINT('',(-0.0524680103007152,-0.12798430662915,0.305642459111102));
#1982=CARTESIAN_POINT('',(-0.0291463607078282,-0.12798430662915,0.317371456081466));
#1983=CARTESIAN_POINT('',(-0.00346558862810358,-0.12798430662915,0.322058196423607));
#1984=CARTESIAN_POINT('',(0.0224956926031613,-0.12798430662915,0.319323335096852));
#1985=CARTESIAN_POINT('',(0.0466361652522242,-0.12798430662915,0.309388231174694));
#1986=CARTESIAN_POINT('',(0.0670017594121536,-0.12798430662915,0.293057055536133));
#1987=CARTESIAN_POINT('',(0.0819444714102312,-0.12798430662915,0.271651635725145));
#1988=CARTESIAN_POINT('',(0.0897916725523189,-0.12798430662915,0.248279528622554));
#1989=CARTESIAN_POINT('',(0.0911394597728279,-0.12798430662915,0.226634545335317));
#1990=CARTESIAN_POINT('',(0.0885210081582855,-0.12798430662915,0.209528907054409));
#1991=CARTESIAN_POINT('',(0.0826662234689881,-0.12798430662915,0.191757928008948));
#1992=CARTESIAN_POINT('',(0.0760442911560876,-0.12798430662915,0.180510994153319));
#1993=CARTESIAN_POINT('',(0.0706581292890187,-0.12798430662915,0.173788828936429));
#1994=CARTESIAN_POINT('',(-0.0661301528204161,-0.127404065737328,0.168624349244058));
#1995=CARTESIAN_POINT('',(-0.0720076331742362,-0.127404065737329,0.174915472399329));
#1996=CARTESIAN_POINT('',(-0.0794596871747969,-0.127404065737328,0.185622370504103));
#1997=CARTESIAN_POINT('',(-0.086641727545463,-0.127404065737329,0.202889376595849));
#1998=CARTESIAN_POINT('',(-0.0905479579247571,-0.127404065737329,0.219738615585267));
#1999=CARTESIAN_POINT('',(-0.090845470177001,-0.127404065737329,0.241412480018914));
#2000=CARTESIAN_POINT('',(-0.0847964934491702,-0.127404065737329,0.265300290234581));
#2001=CARTESIAN_POINT('',(-0.0715269502116131,-0.127404065737329,0.287765926792228));
#2002=CARTESIAN_POINT('',(-0.0524682466057038,-0.127404065737329,0.305585565304308));
#2003=CARTESIAN_POINT('',(-0.0291626092449538,-0.127404065737329,0.317316931356297));
#2004=CARTESIAN_POINT('',(-0.00349653420741522,-0.127404065737329,0.322010454076053));
#2005=CARTESIAN_POINT('',(0.0224525547562138,-0.127404065737329,0.319286239453249));
#2006=CARTESIAN_POINT('',(0.0465843267604473,-0.127404065737329,0.309364784813318));
#2007=CARTESIAN_POINT('',(0.0669454161911751,-0.127404065737329,0.29304915620045));
#2008=CARTESIAN_POINT('',(0.0818881837982619,-0.127404065737329,0.271659922929613));
#2009=CARTESIAN_POINT('',(0.0897397408869815,-0.127404065737329,0.248302469137812));
#2010=CARTESIAN_POINT('',(0.0910945645825904,-0.127404065737329,0.226668945019394));
#2011=CARTESIAN_POINT('',(0.0884835421008724,-0.127404065737329,0.209571048894472));
#2012=CARTESIAN_POINT('',(0.0826380653365032,-0.127404065737329,0.191806995171983));
#2013=CARTESIAN_POINT('',(0.0760235031296972,-0.127404065737329,0.180563403990088));
#2014=CARTESIAN_POINT('',(0.0706424707373658,-0.127404065737329,0.173842727219331));
#2015=CARTESIAN_POINT('',(-0.0661178985849807,-0.126999999999999,0.168626049536282));
#2016=CARTESIAN_POINT('',(-0.0719952167664271,-0.127,0.174916006621011));
#2017=CARTESIAN_POINT('',(-0.0794472800238844,-0.127,0.185621120930795));
#2018=CARTESIAN_POINT('',(-0.0866298761120763,-0.127,0.202885630870518));
#2019=CARTESIAN_POINT('',(-0.090536995660227,-0.127,0.21973267822487));
#2020=CARTESIAN_POINT('',(-0.0908361803255013,-0.127,0.241404095491059));
#2021=CARTESIAN_POINT('',(-0.0847897599609589,-0.127,0.265289710411325));
#2022=CARTESIAN_POINT('',(-0.0715234686294046,-0.127,0.287753878955));
#2023=CARTESIAN_POINT('',(-0.0524682986927556,-0.127,0.305573024601337));
#2024=CARTESIAN_POINT('',(-0.0291661907960804,-0.127,0.317304912853378));
#2025=CARTESIAN_POINT('',(-0.00350335532451585,-0.127,0.321999930565084));
#2026=CARTESIAN_POINT('',(0.0224430461830332,-0.127,0.319278062720592));
#2027=CARTESIAN_POINT('',(0.0465729003651236,-0.127,0.309359616696253));
#2028=CARTESIAN_POINT('',(0.0669329968499744,-0.127,0.293047415005264));
#2029=CARTESIAN_POINT('',(0.0818757767145651,-0.127,0.271661749619995));
#2030=CARTESIAN_POINT('',(0.089728293954063,-0.127,0.248307525754763));
#2031=CARTESIAN_POINT('',(0.0910846686505484,-0.127,0.226676527500592));
#2032=CARTESIAN_POINT('',(0.0884752837204963,-0.127,0.209580337924838));
#2033=CARTESIAN_POINT('',(0.0826318586367646,-0.127,0.191817810702741));
#2034=CARTESIAN_POINT('',(0.0760189209707764,-0.127,0.180574956322982));
#2035=CARTESIAN_POINT('',(0.0706390192326005,-0.127,0.173854607639972));
#2036=CARTESIAN_POINT('',(-0.0661301528204161,-0.126595934262671,0.168624349244058));
#2037=CARTESIAN_POINT('',(-0.0720076331742362,-0.126595934262672,0.174915472399329));
#2038=CARTESIAN_POINT('',(-0.0794596871747969,-0.126595934262671,0.185622370504103));
#2039=CARTESIAN_POINT('',(-0.086641727545463,-0.126595934262671,0.202889376595849));
#2040=CARTESIAN_POINT('',(-0.0905479579247572,-0.126595934262671,0.219738615585267));
#2041=CARTESIAN_POINT('',(-0.090845470177001,-0.126595934262671,0.241412480018914));
#2042=CARTESIAN_POINT('',(-0.0847964934491702,-0.126595934262671,0.265300290234581));
#2043=CARTESIAN_POINT('',(-0.0715269502116131,-0.126595934262671,0.287765926792228));
#2044=CARTESIAN_POINT('',(-0.0524682466057038,-0.126595934262671,0.305585565304308));
#2045=CARTESIAN_POINT('',(-0.0291626092449538,-0.126595934262671,0.317316931356297));
#2046=CARTESIAN_POINT('',(-0.00349653420741522,-0.126595934262671,0.322010454076053));
#2047=CARTESIAN_POINT('',(0.0224525547562138,-0.126595934262671,0.319286239453249));
#2048=CARTESIAN_POINT('',(0.0465843267604473,-0.126595934262671,0.309364784813318));
#2049=CARTESIAN_POINT('',(0.0669454161911751,-0.126595934262671,0.29304915620045));
#2050=CARTESIAN_POINT('',(0.0818881837982619,-0.126595934262671,0.271659922929613));
#2051=CARTESIAN_POINT('',(0.0897397408869815,-0.126595934262671,0.248302469137812));
#2052=CARTESIAN_POINT('',(0.0910945645825904,-0.126595934262671,0.226668945019394));
#2053=CARTESIAN_POINT('',(0.0884835421008724,-0.126595934262671,0.209571048894472));
#2054=CARTESIAN_POINT('',(0.0826380653365032,-0.126595934262671,0.191806995171983));
#2055=CARTESIAN_POINT('',(0.0760235031296972,-0.126595934262671,0.180563403990088));
#2056=CARTESIAN_POINT('',(0.0706424707373658,-0.126595934262671,0.173842727219331));
#2057=MECHANICAL_DESIGN_GEOMETRIC_PRESENTATION_REPRESENTATION('',(#749,
#668,#669,#670,#671,#672,#673,#674,#675,#676,#677,#678,#679,#680,#681,#682,
#683,#684,#685,#686,#687,#688,#689,#690,#691,#692,#693,#694,#695,#696,#697,
#698,#699,#700,#701,#702,#703,#704,#705,#706,#707),#2058);
#2058=(
GEOMETRIC_REPRESENTATION_CONTEXT(3)
GLOBAL_UNCERTAINTY_ASSIGNED_CONTEXT((#2059))
GLOBAL_UNIT_ASSIGNED_CONTEXT((#2062,#2061,#2060))
REPRESENTATION_CONTEXT('Part 1','TOP_LEVEL_ASSEMBLY_PART')
);
#2059=UNCERTAINTY_MEASURE_WITH_UNIT(LENGTH_MEASURE(2.E-5),#2062,
'DISTANCE_ACCURACY_VALUE','Maximum Tolerance applied to model');
#2060=(
NAMED_UNIT(*)
SI_UNIT($,.STERADIAN.)
SOLID_ANGLE_UNIT()
);
#2061=(
NAMED_UNIT(*)
PLANE_ANGLE_UNIT()
SI_UNIT($,.RADIAN.)
);
#2062=(
LENGTH_UNIT()
NAMED_UNIT(*)
SI_UNIT($,.METRE.)
);
#2063=PRODUCT_DEFINITION_SHAPE('','',#2064);
#2064=PRODUCT_DEFINITION('','',#2066,#2065);
#2065=PRODUCT_DEFINITION_CONTEXT('',#2072,'design');
#2066=PRODUCT_DEFINITION_FORMATION_WITH_SPECIFIED_SOURCE('','',#2068,
 .NOT_KNOWN.);
#2067=PRODUCT_RELATED_PRODUCT_CATEGORY('','',(#2068));
#2068=PRODUCT('Part 1','Part 1','Part 1',(#2070));
#2069=PRODUCT_CATEGORY('','');
#2070=PRODUCT_CONTEXT('',#2072,'mechanical');
#2071=APPLICATION_PROTOCOL_DEFINITION('international standard',
'ap242_managed_model_based_3d_engineering',2020,#2072);
#2072=APPLICATION_CONTEXT('managed model based 3d engineering');
ENDSEC;
END-ISO-10303-21;
